,danceability,energy,key,loudness,mode,speechiness,acousticness,instrumentalness,liveness,valence,tempo,type,uri,track_href,analysis_url,duration_ms,time_signature,song_name,artist,album,id,artist_uri,genres
0,0.773,0.742,5,-3.678,0,0.046,0.0206,0,0.0754,0.571,114.071,audio_features,spotify:track:0HqZX76SFLDz2aW8aiqi7G,https://api.spotify.com/v1/tracks/0HqZX76SFLDz2aW8aiqi7G,https://api.spotify.com/v1/audio-analysis/0HqZX76SFLDz2aW8aiqi7G,165265,4,Bones,Imagine Dragons,Bones,0HqZX76SFLDz2aW8aiqi7G,spotify:artist:53XhwfbYqKCa1cC15pYq2q,"['modern rock', 'rock']"
1,0.814,0.628,7,-7.178,1,0.221,0.167,0,0.101,0.677,123.977,audio_features,spotify:track:7mFj0LlWtEJaEigguaWqYh,https://api.spotify.com/v1/tracks/7mFj0LlWtEJaEigguaWqYh,https://api.spotify.com/v1/audio-analysis/7mFj0LlWtEJaEigguaWqYh,201334,4,Sweetest Pie,Megan Thee Stallion,Sweetest Pie,7mFj0LlWtEJaEigguaWqYh,spotify:artist:181bsRPaVXVlUKXrxwZfHK,"['dance pop', 'houston rap', 'pop', 'trap queen']"
2,0.756,0.697,8,-6.377,1,0.0401,0.182,0,0.333,0.956,94.996,audio_features,spotify:track:0QBzMgT7NIeoCYy3sJCof1,https://api.spotify.com/v1/tracks/0QBzMgT7NIeoCYy3sJCof1,https://api.spotify.com/v1/audio-analysis/0QBzMgT7NIeoCYy3sJCof1,206071,4,Bam Bam (feat. Ed Sheeran),Camila Cabello,Bam Bam (feat. Ed Sheeran),0QBzMgT7NIeoCYy3sJCof1,spotify:artist:4nDoRrQiYLoBzwC5BhVJzF,"['dance pop', 'pop', 'post-teen pop']"
3,0.712,0.0784,4,-19.067,1,0.0544,0.739,0,0.107,0.642,121.443,audio_features,spotify:track:31fMJwgrgNdk1IbWZEchX2,https://api.spotify.com/v1/tracks/31fMJwgrgNdk1IbWZEchX2,https://api.spotify.com/v1/audio-analysis/31fMJwgrgNdk1IbWZEchX2,150174,4,Love You Still (abcdefu romantic version),Tyler Shaw,Love You Still (abcdefu romantic version),31fMJwgrgNdk1IbWZEchX2,spotify:artist:3jERgGiTwNAPxNmDasAb31,['pop quebecois']
4,0.742,0.606,7,-6.347,1,0.0362,0.0175,0.00273,0.342,0.63,124.037,audio_features,spotify:track:1v8v6lusXvZxmgacuQIr0I,https://api.spotify.com/v1/tracks/1v8v6lusXvZxmgacuQIr0I,https://api.spotify.com/v1/audio-analysis/1v8v6lusXvZxmgacuQIr0I,244985,4,Little Dance,Neon Dreams,Little Dance,1v8v6lusXvZxmgacuQIr0I,spotify:artist:2UQ6mFkiLYy5VHRJnajQYT,['canadian pop']
5,0.697,0.875,5,-4.621,1,0.034,0.137,0,0.28,0.774,140.069,audio_features,spotify:track:5r43qanLhUCdBj8HN3fa6B,https://api.spotify.com/v1/tracks/5r43qanLhUCdBj8HN3fa6B,https://api.spotify.com/v1/audio-analysis/5r43qanLhUCdBj8HN3fa6B,163855,4,Sunshine,OneRepublic,Sunshine,5r43qanLhUCdBj8HN3fa6B,spotify:artist:5Pwc4xIPtQLFEnJriah9YJ,"['dance pop', 'piano rock', 'pop', 'pop rock']"
6,0.662,0.553,9,-8.205,1,0.0703,0.158,0,0.194,0.371,80.921,audio_features,spotify:track:3nEkblDKsOep9W5tjMOPti,https://api.spotify.com/v1/tracks/3nEkblDKsOep9W5tjMOPti,https://api.spotify.com/v1/audio-analysis/3nEkblDKsOep9W5tjMOPti,266899,4,Faithful (feat. Marc E. Bassy),G-Eazy,These Things Happen Too,3nEkblDKsOep9W5tjMOPti,spotify:artist:02kJSzxNuaWGqwubyUba0Z,"['indie pop rap', 'oakland hip hop', 'pop', 'pop rap', 'rap']"
7,0.624,0.86,8,-3.012,1,0.124,0.0704,0,0.0819,0.816,100.897,audio_features,spotify:track:0fQfJFfngYfG26560HLMLN,https://api.spotify.com/v1/tracks/0fQfJFfngYfG26560HLMLN,https://api.spotify.com/v1/audio-analysis/0fQfJFfngYfG26560HLMLN,212668,4,Dynamite,Sean Paul,Dynamite,0fQfJFfngYfG26560HLMLN,spotify:artist:3Isy6kedDrgPYoTS1dazA9,"['dance pop', 'dancehall', 'pop', 'pop rap']"
8,0.707,0.689,4,-7.097,0,0.0387,0.0255,0,0.383,0.41,119.987,audio_features,spotify:track:33aow0AcXYvT1FoWNzMcqN,https://api.spotify.com/v1/tracks/33aow0AcXYvT1FoWNzMcqN,https://api.spotify.com/v1/audio-analysis/33aow0AcXYvT1FoWNzMcqN,195962,4,Lil Bit (feat. Florida Georgia Line),Nelly,Heartland,33aow0AcXYvT1FoWNzMcqN,spotify:artist:2gBjLmx6zQnFGQJCAQpRgw,"['dance pop', 'gangster rap', 'hip hop', 'pop rap', 'rap', 'southern hip hop', 'st louis rap', 'urban contemporary']"
9,0.795,0.8,1,-6.32,1,0.0309,0.0354,7.25E-05,0.0915,0.934,116.032,audio_features,spotify:track:7rglLriMNBPAyuJOMGwi39,https://api.spotify.com/v1/tracks/7rglLriMNBPAyuJOMGwi39,https://api.spotify.com/v1/audio-analysis/7rglLriMNBPAyuJOMGwi39,202735,4,Cold Heart - PNAU Remix,Elton John,The Lockdown Sessions,7rglLriMNBPAyuJOMGwi39,spotify:artist:3PhoLpVuITZKcymswpck5b,"['glam rock', 'mellow gold', 'piano rock']"
10,0.685,0.886,0,-4.179,1,0.034,0.028,0,0.481,0.615,125.034,audio_features,spotify:track:5902W4uHWzhtOff1UK7the,https://api.spotify.com/v1/tracks/5902W4uHWzhtOff1UK7the,https://api.spotify.com/v1/audio-analysis/5902W4uHWzhtOff1UK7the,161267,4,When I’m Gone (with Katy Perry),Alesso,When I’m Gone (with Katy Perry),5902W4uHWzhtOff1UK7the,spotify:artist:4AVFqumd2ogHFlRbKIjp1t,"['dance pop', 'edm', 'electro house', 'pop', 'pop dance', 'tropical house']"
11,0.817,0.72,5,-8.134,0,0.0809,0.172,0.000726,0.109,0.384,119.989,audio_features,spotify:track:6tTeRmhhuwDl5Y4UiJdHuO,https://api.spotify.com/v1/tracks/6tTeRmhhuwDl5Y4UiJdHuO,https://api.spotify.com/v1/audio-analysis/6tTeRmhhuwDl5Y4UiJdHuO,180563,4,Attention,Omah Lay,Attention,6tTeRmhhuwDl5Y4UiJdHuO,spotify:artist:5yOvAmpIR7hVxiS6Ls5DPO,[]
12,0.657,0.477,5,-7.448,1,0.0494,0.277,6.85E-06,0.149,0.202,109.823,audio_features,spotify:track:7jb91qnNv2R1XdrICW4A0y,https://api.spotify.com/v1/tracks/7jb91qnNv2R1XdrICW4A0y,https://api.spotify.com/v1/audio-analysis/7jb91qnNv2R1XdrICW4A0y,163091,4,fingers crossed,elijah woods,fingers crossed,7jb91qnNv2R1XdrICW4A0y,spotify:artist:3IR6DvP0x2a6oUSist9UMu,[]
13,0.644,0.488,5,-9.996,1,0.0313,0.242,3.41E-05,0.0938,0.21,100.006,audio_features,spotify:track:6OFXDyfd3QB3DhXGfSBZUY,https://api.spotify.com/v1/tracks/6OFXDyfd3QB3DhXGfSBZUY,https://api.spotify.com/v1/audio-analysis/6OFXDyfd3QB3DhXGfSBZUY,192560,1,I See You,Tyler Shaw,Tyler Shaw,6OFXDyfd3QB3DhXGfSBZUY,spotify:artist:3jERgGiTwNAPxNmDasAb31,['pop quebecois']
14,0.774,0.792,10,-4.021,1,0.0523,0.051,0,0.155,0.507,122.062,audio_features,spotify:track:3eJH2nAjvNXdmPfBkALiPZ,https://api.spotify.com/v1/tracks/3eJH2nAjvNXdmPfBkALiPZ,https://api.spotify.com/v1/audio-analysis/3eJH2nAjvNXdmPfBkALiPZ,139672,4,Acapulco,Jason Derulo,Acapulco,3eJH2nAjvNXdmPfBkALiPZ,spotify:artist:07YZf4WDAMNwqr4jfgOZ8y,"['dance pop', 'pop', 'pop rap', 'post-teen pop']"
15,0.534,0.87,9,-4.428,0,0.075,0.00127,0,0.355,0.328,121.841,audio_features,spotify:track:0vQYe6g8bNbdUKnUnXdQQV,https://api.spotify.com/v1/tracks/0vQYe6g8bNbdUKnUnXdQQV,https://api.spotify.com/v1/audio-analysis/0vQYe6g8bNbdUKnUnXdQQV,177511,4,My Love - Edit,Florence + The Machine,My Love,0vQYe6g8bNbdUKnUnXdQQV,spotify:artist:1moxjboGR7GNWYIMWsRjgG,"['art pop', 'baroque pop', 'pop', 'uk alternative pop']"
16,0.754,0.763,7,-4.627,0,0.0435,0.0301,2.23E-05,0.0901,0.464,117.953,audio_features,spotify:track:18asYwWugKjjsihZ0YvRxO,https://api.spotify.com/v1/tracks/18asYwWugKjjsihZ0YvRxO,https://api.spotify.com/v1/audio-analysis/18asYwWugKjjsihZ0YvRxO,164819,4,The Motto,Tiësto,The Motto,18asYwWugKjjsihZ0YvRxO,spotify:artist:2o5jDhtHVPhrJdv3cEQ99Z,"['big room', 'brostep', 'dance pop', 'dutch edm', 'edm', 'house', 'pop', 'pop dance', 'slap house', 'trance', 'tropical house']"
17,0.761,0.739,6,-3.591,1,0.0369,0.178,3.35E-06,0.23,0.656,118.997,audio_features,spotify:track:79wbJeLkXOlJh4AzaWCWfL,https://api.spotify.com/v1/tracks/79wbJeLkXOlJh4AzaWCWfL,https://api.spotify.com/v1/audio-analysis/79wbJeLkXOlJh4AzaWCWfL,213436,4,How Will I Know,Whitney Houston,How Will I Know,79wbJeLkXOlJh4AzaWCWfL,spotify:artist:6XpaIBNiVzIetEPCWDvAFP,"['dance pop', 'pop', 'urban contemporary']"
18,0.685,0.699,6,-7.803,0,0.0349,0.317,0,0.0895,0.884,134.057,audio_features,spotify:track:0sBJA2OCEECMs0HsdIQhvR,https://api.spotify.com/v1/tracks/0sBJA2OCEECMs0HsdIQhvR,https://api.spotify.com/v1/audio-analysis/0sBJA2OCEECMs0HsdIQhvR,192948,4,West Coast,OneRepublic,West Coast,0sBJA2OCEECMs0HsdIQhvR,spotify:artist:5Pwc4xIPtQLFEnJriah9YJ,"['dance pop', 'piano rock', 'pop', 'pop rock']"
19,0.375,0.133,0,-10.624,0,0.0352,0.651,0,0.0695,0.192,131.721,audio_features,spotify:track:6LtHYDgYHRCHoKK3snfr2w,https://api.spotify.com/v1/tracks/6LtHYDgYHRCHoKK3snfr2w,https://api.spotify.com/v1/audio-analysis/6LtHYDgYHRCHoKK3snfr2w,187944,4,"I'm Tired - From ""Euphoria"" An HBO Original Series",Labrinth,"I'm Tired (From ""Euphoria"" An HBO Original Series)",6LtHYDgYHRCHoKK3snfr2w,spotify:artist:2feDdbD5araYcm6JhFHHw7,"['indie poptimism', 'pop']"
20,0.788,0.859,2,-2.724,1,0.0856,0.281,0,0.0424,0.822,141.02,audio_features,spotify:track:50nfwKoDiSYg8zOCREWAm5,https://api.spotify.com/v1/tracks/50nfwKoDiSYg8zOCREWAm5,https://api.spotify.com/v1/audio-analysis/50nfwKoDiSYg8zOCREWAm5,207853,4,Shivers,Ed Sheeran,=,50nfwKoDiSYg8zOCREWAm5,spotify:artist:6eUKZXaKkcviH0Ku9w2n3V,"['pop', 'uk pop']"
21,0.779,0.763,5,-5.58,0,0.34,0.035,1.65E-06,0.112,0.869,119.94,audio_features,spotify:track:7ElC7VjUNl3oJ20Q5OpEh9,https://api.spotify.com/v1/tracks/7ElC7VjUNl3oJ20Q5OpEh9,https://api.spotify.com/v1/audio-analysis/7ElC7VjUNl3oJ20Q5OpEh9,153167,4,CTRL + ALT + DEL,Rêve,CTRL + ALT + DEL,7ElC7VjUNl3oJ20Q5OpEh9,spotify:artist:06vEAqcicwoSBw85e8biJx,[]
22,0.45,0.483,2,-6.754,1,0.0572,0.179,0,0.127,0.206,118.305,audio_features,spotify:track:7Lv78wiIJcKgND9Zi7AIOt,https://api.spotify.com/v1/tracks/7Lv78wiIJcKgND9Zi7AIOt,https://api.spotify.com/v1/audio-analysis/7Lv78wiIJcKgND9Zi7AIOt,226067,4,Fall Into Me,Forest Blakk,Fall Into Me,7Lv78wiIJcKgND9Zi7AIOt,spotify:artist:7q7IUe2AqtifSZ2q52kHFc,"['alt z', 'pop', 'pop rock']"
23,0.659,0.667,11,-4.668,0,0.0339,0.00173,2.85E-05,0.1,0.468,115.982,audio_features,spotify:track:5CSKbHjpqborGnlzagyaDo,https://api.spotify.com/v1/tracks/5CSKbHjpqborGnlzagyaDo,https://api.spotify.com/v1/audio-analysis/5CSKbHjpqborGnlzagyaDo,258004,4,Love Again,Dua Lipa,Future Nostalgia (The Moonlight Edition),5CSKbHjpqborGnlzagyaDo,spotify:artist:6M2wZ9GZgrQXHCFfjv46we,"['dance pop', 'pop', 'uk pop']"
24,0.553,0.727,5,-6.905,1,0.0348,0.0254,0.0113,0.107,0.286,173.972,audio_features,spotify:track:7k0wVBW3cvV6Xmb87JikIf,https://api.spotify.com/v1/tracks/7k0wVBW3cvV6Xmb87JikIf,https://api.spotify.com/v1/audio-analysis/7k0wVBW3cvV6Xmb87JikIf,191376,4,Last Call,Khalid,Last Call,7k0wVBW3cvV6Xmb87JikIf,spotify:artist:6LuN9FCkKOj5PcnpouEgny,"['pop', 'pop r&b']"
25,0.362,0.285,9,-9.436,1,0.0423,0.581,0,0.0809,0.201,62.352,audio_features,spotify:track:7juiva3TJwb9VmCxt17MSd,https://api.spotify.com/v1/tracks/7juiva3TJwb9VmCxt17MSd,https://api.spotify.com/v1/audio-analysis/7juiva3TJwb9VmCxt17MSd,199111,4,Hard Feelings,Alicia Moffet,Hard Feelings,7juiva3TJwb9VmCxt17MSd,spotify:artist:5ph9A8j6xyDlLNZTqYgNV1,"['canadian electropop', 'pop quebecois']"
26,0.614,0.644,2,-5.372,0,0.0426,0.0134,7.07E-06,0.117,0.651,160.036,audio_features,spotify:track:0IuVhCflrQPMGRrOyoY5RW,https://api.spotify.com/v1/tracks/0IuVhCflrQPMGRrOyoY5RW,https://api.spotify.com/v1/audio-analysis/0IuVhCflrQPMGRrOyoY5RW,206772,4,she's all i wanna be,Tate McRae,she's all i wanna be,0IuVhCflrQPMGRrOyoY5RW,spotify:artist:45dkTj5sMRSjrmBSBeiHym,"['alt z', 'dance pop', 'pop', 'post-teen pop']"
27,0.668,0.687,7,-7.129,0,0.058,0.0157,0.000822,0.149,0.468,97.025,audio_features,spotify:track:05eZlxyjbkHMPCnunUasCS,https://api.spotify.com/v1/tracks/05eZlxyjbkHMPCnunUasCS,https://api.spotify.com/v1/audio-analysis/05eZlxyjbkHMPCnunUasCS,199314,4,"How Long - From""Euphoria"" An HBO Original Series",Tove Lo,"How Long (From ""Euphoria"" An HBO Original Series)",05eZlxyjbkHMPCnunUasCS,spotify:artist:4NHQUGzhtTLFvgF5SZesLK,"['art pop', 'dance pop', 'electropop', 'metropopolis', 'pop', 'swedish electropop', 'swedish pop', 'swedish synthpop']"
28,0.741,0.616,2,-6.686,1,0.034,0.052,5.86E-05,0.0705,0.486,147.008,audio_features,spotify:track:374EllG6WyKdKvklfanNZT,https://api.spotify.com/v1/tracks/374EllG6WyKdKvklfanNZT,https://api.spotify.com/v1/audio-analysis/374EllG6WyKdKvklfanNZT,124188,4,ay! (feat. Lil Wayne),Machine Gun Kelly,ay! (feat. Lil Wayne),374EllG6WyKdKvklfanNZT,spotify:artist:6TIYQ3jFPwQSRmorSezPxX,"['ohio hip hop', 'pop rap']"
29,0.605,0.47,1,-5.978,1,0.0311,0.604,0,0.085,0.197,111.803,audio_features,spotify:track:67OFPtLYDiUqYVBihtfTUN,https://api.spotify.com/v1/tracks/67OFPtLYDiUqYVBihtfTUN,https://api.spotify.com/v1/audio-analysis/67OFPtLYDiUqYVBihtfTUN,221989,4,Same Place,Jade LeMac,Same Place,67OFPtLYDiUqYVBihtfTUN,spotify:artist:4JnJjqxsTp8E5rZsyITf63,[]
30,0.622,0.791,7,-6.106,1,0.0535,0.00188,3.72E-06,0.083,0.494,115.915,audio_features,spotify:track:3z6XUommYDWPHeFhmhhT6j,https://api.spotify.com/v1/tracks/3z6XUommYDWPHeFhmhhT6j,https://api.spotify.com/v1/audio-analysis/3z6XUommYDWPHeFhmhhT6j,225960,4,Message In A Bottle (Taylor's Version) (From The Vault),Taylor Swift,Red (Taylor's Version),3z6XUommYDWPHeFhmhhT6j,spotify:artist:06HL4z0CvFAxyc27GXpf02,['pop']
31,0.684,0.821,10,-5.497,0,0.0477,0.0314,6.65E-05,0.265,0.883,126.029,audio_features,spotify:track:1a5KFrCyfZLa6EeOU6kr7S,https://api.spotify.com/v1/tracks/1a5KFrCyfZLa6EeOU6kr7S,https://api.spotify.com/v1/audio-analysis/1a5KFrCyfZLa6EeOU6kr7S,185388,4,Higher,Michael Bublé,Higher,1a5KFrCyfZLa6EeOU6kr7S,spotify:artist:1GxkXlMwML1oSg5eLPiAz3,"['adult standards', 'canadian pop', 'jazz pop', 'lounge']"
32,0.534,0.725,1,-3.906,1,0.046,0.091,0,0.0264,0.55,88.098,audio_features,spotify:track:3Kkjo3cT83cw09VJyrLNwX,https://api.spotify.com/v1/tracks/3Kkjo3cT83cw09VJyrLNwX,https://api.spotify.com/v1/audio-analysis/3Kkjo3cT83cw09VJyrLNwX,225149,4,Oh My God,Adele,30,3Kkjo3cT83cw09VJyrLNwX,spotify:artist:4dpARuHxo51G3z768sgnrY,"['british soul', 'pop', 'pop soul', 'uk pop']"
33,0.601,0.741,2,-5.569,1,0.0478,0.185,2.91E-05,0.415,0.441,153.96,audio_features,spotify:track:6I3mqTwhRpn34SLVafSH7G,https://api.spotify.com/v1/tracks/6I3mqTwhRpn34SLVafSH7G,https://api.spotify.com/v1/audio-analysis/6I3mqTwhRpn34SLVafSH7G,153190,4,Ghost,Justin Bieber,Justice,6I3mqTwhRpn34SLVafSH7G,spotify:artist:1uNFoZAHBGtllmzznpCI3s,"['canadian pop', 'pop']"
34,0.806,0.63,10,-6.836,1,0.115,0.142,0,0.105,0.42,119.983,audio_features,spotify:track:2bhWunYI6eZe9fvt5QrRST,https://api.spotify.com/v1/tracks/2bhWunYI6eZe9fvt5QrRST,https://api.spotify.com/v1/audio-analysis/2bhWunYI6eZe9fvt5QrRST,150242,4,Detonate,Dan Talevski,Detonate,2bhWunYI6eZe9fvt5QrRST,spotify:artist:0Vu4A064M7J86SoMA0nrJH,['canadian pop']
35,0.742,0.527,8,-6.892,0,0.0769,0.327,0,0.25,0.638,84.974,audio_features,spotify:track:3o9kpgkIcffx0iSwxhuNI2,https://api.spotify.com/v1/tracks/3o9kpgkIcffx0iSwxhuNI2,https://api.spotify.com/v1/audio-analysis/3o9kpgkIcffx0iSwxhuNI2,169238,4,Numb Little Bug,Em Beihold,Numb Little Bug,3o9kpgkIcffx0iSwxhuNI2,spotify:artist:7o2ZQYM7nTsaVdkXY38UAA,"['alt z', 'gen z singer-songwriter']"
36,0.623,0.818,0,-3.623,1,0.529,0.143,0,0.232,0.729,130.655,audio_features,spotify:track:1G2J5KdJxNH6Sd0wEclV0P,https://api.spotify.com/v1/tracks/1G2J5KdJxNH6Sd0wEclV0P,https://api.spotify.com/v1/audio-analysis/1G2J5KdJxNH6Sd0wEclV0P,182673,5,How We Do It (feat. Pia Mia),Sean Paul,How We Do It,1G2J5KdJxNH6Sd0wEclV0P,spotify:artist:3Isy6kedDrgPYoTS1dazA9,"['dance pop', 'dancehall', 'pop', 'pop rap']"
37,0.599,0.512,1,-8.072,1,0.0358,0.297,1.38E-05,0.0688,0.136,118.003,audio_features,spotify:track:134G2m5YsPiZXFOduHEfSJ,https://api.spotify.com/v1/tracks/134G2m5YsPiZXFOduHEfSJ,https://api.spotify.com/v1/audio-analysis/134G2m5YsPiZXFOduHEfSJ,155773,4,Crying in the Rain,Ali Gatie,Crying in the Rain,134G2m5YsPiZXFOduHEfSJ,spotify:artist:4rTv3Ejc7hKMtmoBOK1B4T,"['canadian hip hop', 'pop']"
38,0.415,0.514,0,-7.552,1,0.0818,0.394,0,0.321,0.0887,88.966,audio_features,spotify:track:4YMuvI6faoxGj5bJur1dpy,https://api.spotify.com/v1/tracks/4YMuvI6faoxGj5bJur1dpy,https://api.spotify.com/v1/audio-analysis/4YMuvI6faoxGj5bJur1dpy,222000,4,Lullaby,Alicia Moffet,Lullaby,4YMuvI6faoxGj5bJur1dpy,spotify:artist:5ph9A8j6xyDlLNZTqYgNV1,"['canadian electropop', 'pop quebecois']"
39,0.62,0.63,10,-5.578,0,0.198,0.171,0,0.0824,0.543,85.42,audio_features,spotify:track:2nQF3xgFXtXVUlaQNiUARI,https://api.spotify.com/v1/tracks/2nQF3xgFXtXVUlaQNiUARI,https://api.spotify.com/v1/audio-analysis/2nQF3xgFXtXVUlaQNiUARI,194821,4,Naturally,Tinashe,Naturally,2nQF3xgFXtXVUlaQNiUARI,spotify:artist:0NIIxcxNHmOoyBx03SfTCD,"['alternative r&b', 'dance pop', 'electropop', 'hip pop', 'metropopolis', 'pop', 'pop rap', 'post-teen pop', 'r&b', 'urban contemporary']"
40,0.398,0.519,7,-6.926,1,0.0315,0.0573,1.86E-05,0.191,0.133,81.377,audio_features,spotify:track:1Y8COP6Oqef3UxIONvzx6I,https://api.spotify.com/v1/tracks/1Y8COP6Oqef3UxIONvzx6I,https://api.spotify.com/v1/audio-analysis/1Y8COP6Oqef3UxIONvzx6I,206361,4,COMPLETE MESS,5 Seconds of Summer,COMPLETE MESS,1Y8COP6Oqef3UxIONvzx6I,spotify:artist:5Rl15oVamLq7FbSb0NNBNy,"['boy band', 'dance pop', 'pop', 'post-teen pop']"
41,0.528,0.309,0,-7.398,1,0.0329,0.924,2.10E-06,0.282,0.307,133.83,audio_features,spotify:track:6N1K5OVVCopBjGViHs2IvP,https://api.spotify.com/v1/tracks/6N1K5OVVCopBjGViHs2IvP,https://api.spotify.com/v1/audio-analysis/6N1K5OVVCopBjGViHs2IvP,185422,4,The Joker And The Queen (feat. Taylor Swift),Ed Sheeran,The Joker And The Queen (feat. Taylor Swift),6N1K5OVVCopBjGViHs2IvP,spotify:artist:6eUKZXaKkcviH0Ku9w2n3V,"['pop', 'uk pop']"
42,0.541,0.855,6,-4.578,1,0.0668,0.00164,0,0.145,0.739,143.967,audio_features,spotify:track:3heq3nQ3JMqOFXBwuuLyFb,https://api.spotify.com/v1/tracks/3heq3nQ3JMqOFXBwuuLyFb,https://api.spotify.com/v1/audio-analysis/3heq3nQ3JMqOFXBwuuLyFb,163322,4,Bois Lie (feat. Machine Gun Kelly),Avril Lavigne,Love Sux,3heq3nQ3JMqOFXBwuuLyFb,spotify:artist:0p4nmQO2msCgU4IF37Wi3j,"['canadian pop', 'candy pop', 'dance pop', 'pop', 'post-teen pop']"
43,0.515,0.754,11,-4.116,1,0.0373,0.231,0,0.198,0.451,147.116,audio_features,spotify:track:5SfQhaZTGL7IewCIvMifFJ,https://api.spotify.com/v1/tracks/5SfQhaZTGL7IewCIvMifFJ,https://api.spotify.com/v1/audio-analysis/5SfQhaZTGL7IewCIvMifFJ,201053,4,Brave,Ella Henderson,Brave,5SfQhaZTGL7IewCIvMifFJ,spotify:artist:7nDsS0l5ZAzMedVRKPP8F1,"['dance pop', 'pop', 'pop dance', 'talent show', 'tropical house', 'uk pop']"
44,0.75,0.797,0,-4.826,1,0.118,0.293,0,0.392,0.523,105.949,audio_features,spotify:track:4RAR8g8fZNB106ezUurnE0,https://api.spotify.com/v1/tracks/4RAR8g8fZNB106ezUurnE0,https://api.spotify.com/v1/audio-analysis/4RAR8g8fZNB106ezUurnE0,215203,4,Dancing Feet (feat. DNCE),Kygo,Dancing Feet (feat. DNCE),4RAR8g8fZNB106ezUurnE0,spotify:artist:23fqKkggKUBHNkbKtXEls4,"['edm', 'pop', 'pop dance', 'tropical house']"
45,0.702,0.637,9,-6.326,0,0.0961,0.128,1.92E-05,0.491,0.463,107.95,audio_features,spotify:track:25aSJ6E9ekeQzV3ogafGdI,https://api.spotify.com/v1/tracks/25aSJ6E9ekeQzV3ogafGdI,https://api.spotify.com/v1/audio-analysis/25aSJ6E9ekeQzV3ogafGdI,151701,4,Matinee,Delaney Jane,Matinee,25aSJ6E9ekeQzV3ogafGdI,spotify:artist:3fuxStOqQv8TiytHeuGiE8,"['alt z', 'canadian electropop', 'electropop', 'social media pop']"
46,0.541,0.799,1,-4.931,1,0.036,0.0072,0,0.101,0.663,145.14,audio_features,spotify:track:29Go4wUZUai6cYzwLbbMDM,https://api.spotify.com/v1/tracks/29Go4wUZUai6cYzwLbbMDM,https://api.spotify.com/v1/audio-analysis/29Go4wUZUai6cYzwLbbMDM,226720,4,Losing You,James Arthur,It'll All Make Sense In The End (Deluxe),29Go4wUZUai6cYzwLbbMDM,spotify:artist:4IWBUUAFIplrNtaOHcJPRM,"['pop', 'talent show', 'uk pop']"
47,0.703,0.733,6,-5.863,1,0.0487,0.185,0,0.115,0.408,112.164,audio_features,spotify:track:0HB4qYEELiwPoSzcG5kQj2,https://api.spotify.com/v1/tracks/0HB4qYEELiwPoSzcG5kQj2,https://api.spotify.com/v1/audio-analysis/0HB4qYEELiwPoSzcG5kQj2,167387,4,Love Turns Lonely,Sophie Simmons,Love Turns Lonely,0HB4qYEELiwPoSzcG5kQj2,spotify:artist:7AOCUMe3rKW4o3uADBNwVy,['la pop']
48,0.717,0.671,0,-5.077,0,0.0337,0.0018,2.54E-06,0.0921,0.699,110.054,audio_features,spotify:track:6f5ExP43esnvdKPddwKXJH,https://api.spotify.com/v1/tracks/6f5ExP43esnvdKPddwKXJH,https://api.spotify.com/v1/audio-analysis/6f5ExP43esnvdKPddwKXJH,160657,4,Better Days (NEIKED x Mae Muller x Polo G),NEIKED,Better Days (NEIKED x Mae Muller x Polo G),6f5ExP43esnvdKPddwKXJH,spotify:artist:5H6xmHXjsq98NLbEjuE29f,['scandipop']
49,0.742,0.688,11,-5.376,0,0.0459,0.442,0,0.262,0.894,100.037,audio_features,spotify:track:17xfpZekr8Gg79yvqhTNC4,https://api.spotify.com/v1/tracks/17xfpZekr8Gg79yvqhTNC4,https://api.spotify.com/v1/audio-analysis/17xfpZekr8Gg79yvqhTNC4,158538,4,Start Over,Zach Zoya,Start Over,17xfpZekr8Gg79yvqhTNC4,spotify:artist:0lMsSW9R8prEif6Q3aVnEH,"['canadian hip hop', 'hip hop quebecois', 'rap montrealais']"
50,0.591,0.764,1,-5.484,1,0.0483,0.0383,0,0.103,0.478,169.928,audio_features,spotify:track:5PjdY0CKGZdEuoNab3yDmX,https://api.spotify.com/v1/tracks/5PjdY0CKGZdEuoNab3yDmX,https://api.spotify.com/v1/audio-analysis/5PjdY0CKGZdEuoNab3yDmX,141806,4,STAY (with Justin Bieber),The Kid LAROI,F*CK LOVE 3: OVER YOU,5PjdY0CKGZdEuoNab3yDmX,spotify:artist:2tIP7SsRs7vjIcLrU85W8J,['australian hip hop']
51,0.69,0.626,6,-5.693,1,0.306,0.105,0.000335,0.0881,0.912,184.009,audio_features,spotify:track:1BSMpVGWs3v5BZKnAQziAc,https://api.spotify.com/v1/tracks/1BSMpVGWs3v5BZKnAQziAc,https://api.spotify.com/v1/audio-analysis/1BSMpVGWs3v5BZKnAQziAc,185681,4,Light Switch,Charlie Puth,Light Switch,1BSMpVGWs3v5BZKnAQziAc,spotify:artist:6VuMaDnrHyPL1p4EHjYLi7,"['dance pop', 'pop', 'viral pop']"
52,0.761,0.525,11,-6.9,1,0.0944,0.44,6.70E-06,0.0921,0.531,80.87,audio_features,spotify:track:02MWAaffLxlfxAUY7c5dvx,https://api.spotify.com/v1/tracks/02MWAaffLxlfxAUY7c5dvx,https://api.spotify.com/v1/audio-analysis/02MWAaffLxlfxAUY7c5dvx,238805,4,Heat Waves,Glass Animals,Dreamland (+ Bonus Levels),02MWAaffLxlfxAUY7c5dvx,spotify:artist:4yvcSjfu4PC0CYQyLy4wSq,"['gauze pop', 'indietronica', 'shiver pop']"
53,0.737,0.846,1,-4.51,0,0.22,0.00614,0,0.0486,0.546,87.981,audio_features,spotify:track:0e8nrvls4Qqv5Rfa2UhqmO,https://api.spotify.com/v1/tracks/0e8nrvls4Qqv5Rfa2UhqmO,https://api.spotify.com/v1/audio-analysis/0e8nrvls4Qqv5Rfa2UhqmO,143901,4,THATS WHAT I WANT,Lil Nas X,MONTERO,0e8nrvls4Qqv5Rfa2UhqmO,spotify:artist:7jVv8c5Fj3E9VhNjxT4snq,"['lgbtq+ hip hop', 'pop']"
54,0.662,0.794,6,-4.239,1,0.0533,0.171,0,0.0883,0.641,104.951,audio_features,spotify:track:3pBv3LfvfPft2TqHleqKHo,https://api.spotify.com/v1/tracks/3pBv3LfvfPft2TqHleqKHo,https://api.spotify.com/v1/audio-analysis/3pBv3LfvfPft2TqHleqKHo,192000,4,Call On Me (feat. Georgia Ku),Sam Feldt,Call On Me (feat. Georgia Ku),3pBv3LfvfPft2TqHleqKHo,spotify:artist:20gsENnposVs2I4rQ5kvrf,"['dance pop', 'edm', 'electro house', 'pop', 'pop dance', 'pop edm', 'tropical house']"
55,0.592,0.863,7,-4.974,1,0.363,0.0693,0,0.0835,0.716,171.971,audio_features,spotify:track:7f6CYOMT6sXv35ZTJRtXtA,https://api.spotify.com/v1/tracks/7f6CYOMT6sXv35ZTJRtXtA,https://api.spotify.com/v1/audio-analysis/7f6CYOMT6sXv35ZTJRtXtA,174645,4,More Than Friends,24kGoldn,More Than Friends,7f6CYOMT6sXv35ZTJRtXtA,spotify:artist:6fWVd57NKTalqvmjRd2t8Z,"['cali rap', 'pop rap']"
56,0.601,0.787,0,-6.178,1,0.031,0.0492,0,0.142,0.525,134.981,audio_features,spotify:track:3t4KHjd8uQpJJ2fa0fRIpR,https://api.spotify.com/v1/tracks/3t4KHjd8uQpJJ2fa0fRIpR,https://api.spotify.com/v1/audio-analysis/3t4KHjd8uQpJJ2fa0fRIpR,175163,4,High,The Chainsmokers,High,3t4KHjd8uQpJJ2fa0fRIpR,spotify:artist:69GGBxA162lTqCwzJG5jLp,"['dance pop', 'edm', 'electropop', 'pop', 'pop dance', 'tropical house']"
57,0.807,0.893,11,-3.745,0,0.0347,0.0451,2.79E-05,0.366,0.537,126.011,audio_features,spotify:track:3rmo8F54jFF8OgYsqTxm5d,https://api.spotify.com/v1/tracks/3rmo8F54jFF8OgYsqTxm5d,https://api.spotify.com/v1/audio-analysis/3rmo8F54jFF8OgYsqTxm5d,230747,4,Bad Habits,Ed Sheeran,=,3rmo8F54jFF8OgYsqTxm5d,spotify:artist:6eUKZXaKkcviH0Ku9w2n3V,"['pop', 'uk pop']"
58,0.8,0.837,6,-2.807,0,0.0491,0.00406,0.00313,0.0904,0.702,100.015,audio_features,spotify:track:6IPNp9PfaEqrzotY47TIWy,https://api.spotify.com/v1/tracks/6IPNp9PfaEqrzotY47TIWy,https://api.spotify.com/v1/audio-analysis/6IPNp9PfaEqrzotY47TIWy,225600,4,"SG (with Ozuna, Megan Thee Stallion & LISA of BLACKPINK)",DJ Snake,"SG (with Ozuna, Megan Thee Stallion & LISA of BLACKPINK)",6IPNp9PfaEqrzotY47TIWy,spotify:artist:540vIaP2JwjQb9dm3aArA4,"['dance pop', 'edm', 'electronic trap', 'pop', 'pop dance', 'pop rap']"
59,0.603,0.473,5,-7.23,1,0.0511,0.616,0,0.31,0.446,109.494,audio_features,spotify:track:5S9Zs5g9lTWnLIboN1pdlU,https://api.spotify.com/v1/tracks/5S9Zs5g9lTWnLIboN1pdlU,https://api.spotify.com/v1/audio-analysis/5S9Zs5g9lTWnLIboN1pdlU,175345,4,Fingers Crossed,Lauren Spencer-Smith,Fingers Crossed,5S9Zs5g9lTWnLIboN1pdlU,spotify:artist:79AyR6ATpj2LTPxfb6FX50,"['alt z', 'gen z singer-songwriter', 'pop']"
60,0.728,0.82,11,-6.198,0,0.031,0.00898,0.000216,0.176,0.652,124.001,audio_features,spotify:track:6Ql7rNuoP90aIdgwQkPYBP,https://api.spotify.com/v1/tracks/6Ql7rNuoP90aIdgwQkPYBP,https://api.spotify.com/v1/audio-analysis/6Ql7rNuoP90aIdgwQkPYBP,164577,4,Synchronize,Milky Chance,Synchronize,6Ql7rNuoP90aIdgwQkPYBP,spotify:artist:1hzfo8twXdOegF3xireCYs,['german pop']
61,0.621,0.747,11,-5.084,1,0.0337,0.222,0.000194,0.147,0.426,124.015,audio_features,spotify:track:3LEgGAl9zLcQWGTp7ptqtQ,https://api.spotify.com/v1/tracks/3LEgGAl9zLcQWGTp7ptqtQ,https://api.spotify.com/v1/audio-analysis/3LEgGAl9zLcQWGTp7ptqtQ,188894,4,Don’t Wake Me Up,Jonas Blue,Don’t Wake Me Up,3LEgGAl9zLcQWGTp7ptqtQ,spotify:artist:1HBjj22wzbscIZ9sEb5dyf,"['dance pop', 'edm', 'pop', 'pop dance', 'tropical house', 'uk dance']"
62,0.604,0.789,6,-5.359,1,0.0311,0.00178,1.68E-06,0.322,0.162,106.047,audio_features,spotify:track:2UN1L1asI3uKQCijznnz8Z,https://api.spotify.com/v1/tracks/2UN1L1asI3uKQCijznnz8Z,https://api.spotify.com/v1/audio-analysis/2UN1L1asI3uKQCijznnz8Z,194419,4,FCKN IN LOVE,Fefe Dobson,FCKN IN LOVE,2UN1L1asI3uKQCijznnz8Z,spotify:artist:0mzTssRDPIQVH5wSNzOdFZ,"['canadian pop', 'candy pop', 'electropop', 'post-teen pop']"
63,0.887,0.318,0,-10.308,1,0.203,0.0437,0,0.122,0.58,121.992,audio_features,spotify:track:0mhS4w3sej2kpvDuAhiZeq,https://api.spotify.com/v1/tracks/0mhS4w3sej2kpvDuAhiZeq,https://api.spotify.com/v1/audio-analysis/0mhS4w3sej2kpvDuAhiZeq,137568,4,But I Don'T,JESSIA,How Are You?,0mhS4w3sej2kpvDuAhiZeq,spotify:artist:6DdbeAeBlrYj8bNToZv4TY,['alt z']
64,0.398,0.286,7,-11.881,1,0.033,0.616,0.000146,0.0912,0.0666,78.262,audio_features,spotify:track:2KnLkZ3z7PO3kgVGHGqDpD,https://api.spotify.com/v1/tracks/2KnLkZ3z7PO3kgVGHGqDpD,https://api.spotify.com/v1/audio-analysis/2KnLkZ3z7PO3kgVGHGqDpD,222800,4,It'll Be Okay,Shawn Mendes,It'll Be Okay,2KnLkZ3z7PO3kgVGHGqDpD,spotify:artist:7n2wHs1TKAczGzO7Dd2rGr,"['canadian pop', 'dance pop', 'pop', 'viral pop']"
65,0.817,0.545,8,-6.753,1,0.111,0.0195,0.000147,0.136,0.46,116.943,audio_features,spotify:track:3cqTsnVsjJxf3WFmk2JWOr,https://api.spotify.com/v1/tracks/3cqTsnVsjJxf3WFmk2JWOr,https://api.spotify.com/v1/audio-analysis/3cqTsnVsjJxf3WFmk2JWOr,155120,4,Gone,NOA,Gone,3cqTsnVsjJxf3WFmk2JWOr,spotify:artist:5OaWY1HjWremIVRztYS1xG,[]
66,0.397,0.413,1,-7.701,1,0.0342,0.477,0,0.0835,0.492,77.864,audio_features,spotify:track:2URXzpbSUwOjltvpgtzXua,https://api.spotify.com/v1/tracks/2URXzpbSUwOjltvpgtzXua,https://api.spotify.com/v1/audio-analysis/2URXzpbSUwOjltvpgtzXua,237814,4,You Will Be Found (with Summer Walker) - From The “Dear Evan Hansen” Original Motion Picture Soundtrack,Sam Smith,You Will Be Found (with Summer Walker) [From The “Dear Evan Hansen” Original Motion Picture Soundtrack],2URXzpbSUwOjltvpgtzXua,spotify:artist:2wY79sveU1sp5g7SokKOiI,"['dance pop', 'pop', 'uk pop']"
67,0.667,0.679,5,-6.037,1,0.0722,0.00576,1.07E-06,0.154,0.688,119.97,audio_features,spotify:track:6xRy0ENY1cZnkcU1EqaTsg,https://api.spotify.com/v1/tracks/6xRy0ENY1cZnkcU1EqaTsg,https://api.spotify.com/v1/audio-analysis/6xRy0ENY1cZnkcU1EqaTsg,151805,4,Man I Used To Be,Coleman Hell,Man I Used To Be,6xRy0ENY1cZnkcU1EqaTsg,spotify:artist:3q9nybxzbSHsesDBHUlP4c,"['canadian pop', 'indie poptimism', 'pop rock']"
68,0.657,0.674,0,-7.746,1,0.0445,0.0258,0.000114,0.0735,0.542,95.988,audio_features,spotify:track:4w4JULfsKEd73TFdMxFL7n,https://api.spotify.com/v1/tracks/4w4JULfsKEd73TFdMxFL7n,https://api.spotify.com/v1/audio-analysis/4w4JULfsKEd73TFdMxFL7n,182500,4,Your Knife,Alicia Moffet,Your Knife,4w4JULfsKEd73TFdMxFL7n,spotify:artist:5ph9A8j6xyDlLNZTqYgNV1,"['canadian electropop', 'pop quebecois']"
69,0.554,0.38,9,-10.666,1,0.0314,0.526,0,0.213,0.284,118.925,audio_features,spotify:track:6aPG4u5M2yzBbwABa6uGbo,https://api.spotify.com/v1/tracks/6aPG4u5M2yzBbwABa6uGbo,https://api.spotify.com/v1/audio-analysis/6aPG4u5M2yzBbwABa6uGbo,213754,4,Run Away to Mars,TALK,Talk to Me,6aPG4u5M2yzBbwABa6uGbo,spotify:artist:6mx5dgNlLjrDDMyFsgrW87,[]
70,0.563,0.664,9,-5.044,1,0.154,0.335,0,0.0849,0.688,166.928,audio_features,spotify:track:4ZtFanR9U6ndgddUvNcjcG,https://api.spotify.com/v1/tracks/4ZtFanR9U6ndgddUvNcjcG,https://api.spotify.com/v1/audio-analysis/4ZtFanR9U6ndgddUvNcjcG,178147,4,good 4 u,Olivia Rodrigo,SOUR,4ZtFanR9U6ndgddUvNcjcG,spotify:artist:1McMsnEElThX1knmY4oliG,['pop']
71,0.61,0.747,2,-4.543,1,0.109,0.0245,0,0.106,0.439,150.088,audio_features,spotify:track:2iHsdUnmKGIuc9oRE3DfgJ,https://api.spotify.com/v1/tracks/2iHsdUnmKGIuc9oRE3DfgJ,https://api.spotify.com/v1/audio-analysis/2iHsdUnmKGIuc9oRE3DfgJ,140803,4,House On Fire,Mimi Webb,House On Fire,2iHsdUnmKGIuc9oRE3DfgJ,spotify:artist:3GxKJzJK4LpsYGXQrw77wz,"['alt z', 'dance pop', 'gen z singer-songwriter', 'pop', 'uk pop']"
72,0.57,0.473,6,-7.504,0,0.0677,0.512,2.14E-06,0.1,0.632,162.082,audio_features,spotify:track:0uth6JMSGzbmREU9esuWX5,https://api.spotify.com/v1/tracks/0uth6JMSGzbmREU9esuWX5,https://api.spotify.com/v1/audio-analysis/0uth6JMSGzbmREU9esuWX5,165754,3,Shadow Of Mine,Alec Benjamin,Shadow Of Mine,0uth6JMSGzbmREU9esuWX5,spotify:artist:5IH6FPUwQTxPSXurCrcIov,"['alt z', 'dream smp', 'electropop', 'pop']"
73,0.611,0.803,5,-4.368,1,0.0394,0.00437,1.41E-06,0.604,0.624,92.497,audio_features,spotify:track:6m0Dk7Cm7rWQLzCjeYIiIt,https://api.spotify.com/v1/tracks/6m0Dk7Cm7rWQLzCjeYIiIt,https://api.spotify.com/v1/audio-analysis/6m0Dk7Cm7rWQLzCjeYIiIt,145103,4,Love It When You Hate Me (feat. blackbear),Avril Lavigne,Love Sux,6m0Dk7Cm7rWQLzCjeYIiIt,spotify:artist:0p4nmQO2msCgU4IF37Wi3j,"['canadian pop', 'candy pop', 'dance pop', 'pop', 'post-teen pop']"
74,0.523,0.499,11,-8.628,1,0.247,0.298,1.38E-06,0.084,0.768,83.939,audio_features,spotify:track:3iiXGM3DAnB1qaKsrsHn3w,https://api.spotify.com/v1/tracks/3iiXGM3DAnB1qaKsrsHn3w,https://api.spotify.com/v1/audio-analysis/3iiXGM3DAnB1qaKsrsHn3w,174785,4,Hallie's Song,earth2zoe,Hallie's Song,3iiXGM3DAnB1qaKsrsHn3w,spotify:artist:4weid71nei8BXt61GNFZiQ,[]
75,0.704,0.846,9,-6.274,1,0.0714,0.377,0,0.206,0.397,118.049,audio_features,spotify:track:3rf3nPU9lUhwyYVpcse1RK,https://api.spotify.com/v1/tracks/3rf3nPU9lUhwyYVpcse1RK,https://api.spotify.com/v1/audio-analysis/3rf3nPU9lUhwyYVpcse1RK,198305,4,I Don't Know You Now,Andrew Allen,I Don't Know You Now,3rf3nPU9lUhwyYVpcse1RK,spotify:artist:1mAp4DKDRBkEn272c014zU,['canadian pop']
76,0.663,0.251,6,-9.87,0,0.0435,0.88,0,0.0932,0.528,90.272,audio_features,spotify:track:4VtRHZ4tBDHaWltVAytlLY,https://api.spotify.com/v1/tracks/4VtRHZ4tBDHaWltVAytlLY,https://api.spotify.com/v1/audio-analysis/4VtRHZ4tBDHaWltVAytlLY,215000,4,Go,Cat Burns,Go,4VtRHZ4tBDHaWltVAytlLY,spotify:artist:6WFDpw4u23uSpon4BHvFRn,[]
77,0.656,0.846,11,-3.769,0,0.0543,0.0252,0,0.335,0.413,89.972,audio_features,spotify:track:0pnG6sIThf9kp9ebTqn44L,https://api.spotify.com/v1/tracks/0pnG6sIThf9kp9ebTqn44L,https://api.spotify.com/v1/audio-analysis/0pnG6sIThf9kp9ebTqn44L,172722,4,redruM,Sorana,redruM,0pnG6sIThf9kp9ebTqn44L,spotify:artist:1PnnRNGfichOAfPOn5mVyx,['romanian pop']
78,0.559,0.717,7,-7.879,1,0.0342,0.0583,0,0.278,0.767,156.965,audio_features,spotify:track:3bpWkFzDtYXEUiyw08e60N,https://api.spotify.com/v1/tracks/3bpWkFzDtYXEUiyw08e60N,https://api.spotify.com/v1/audio-analysis/3bpWkFzDtYXEUiyw08e60N,166737,4,Hold On To Your Love,Walk Off the Earth,Hold On To Your Love,3bpWkFzDtYXEUiyw08e60N,spotify:artist:6jEiUoyyJNPHzSR0Nib6HX,"['canadian rock', 'pop rock']"
79,0.629,0.498,5,-7.47,0,0.0373,0.405,0,0.113,0.492,127.921,audio_features,spotify:track:7586fVxjKm5IoVTTgDEwcD,https://api.spotify.com/v1/tracks/7586fVxjKm5IoVTTgDEwcD,https://api.spotify.com/v1/audio-analysis/7586fVxjKm5IoVTTgDEwcD,198750,4,echo,Alexander Stewart,echo,7586fVxjKm5IoVTTgDEwcD,spotify:artist:0znpFLuaey34oJTE1jHSnT,"['alt z', 'australian pop', 'post-teen pop', 'social media pop']"
80,0.646,0.777,9,-5.391,1,0.0307,0.0211,2.69E-05,0.0514,0.724,110.015,audio_features,spotify:track:2Iwy8pzOjT67hB7nxS3v8G,https://api.spotify.com/v1/tracks/2Iwy8pzOjT67hB7nxS3v8G,https://api.spotify.com/v1/audio-analysis/2Iwy8pzOjT67hB7nxS3v8G,224010,4,Post Breakup Bender,Sean Watson Graham,Post Breakup Bender,2Iwy8pzOjT67hB7nxS3v8G,spotify:artist:6S7fQrvmDgkoTQHHQiExI6,[]
81,0.738,0.713,1,-5.977,0,0.0444,0.0999,1.06E-06,0.0542,0.49,126.077,audio_features,spotify:track:3J3EdH1ZgXqk1ROTzQOF0U,https://api.spotify.com/v1/tracks/3J3EdH1ZgXqk1ROTzQOF0U,https://api.spotify.com/v1/audio-analysis/3J3EdH1ZgXqk1ROTzQOF0U,189266,4,When The Lights Go Down (feat. Cody Simpson),DVBBS,When The Lights Go Down (feat. Cody Simpson),3J3EdH1ZgXqk1ROTzQOF0U,spotify:artist:5X4LWwbUFNzPkEas04uU82,"['canadian electronic', 'dance pop', 'edm', 'electro house', 'electropop', 'pop', 'pop dance', 'pop edm', 'slap house', 'tropical house']"
82,0.632,0.741,2,-4.315,0,0.0481,0.0101,4.08E-05,0.201,0.618,150.047,audio_features,spotify:track:1GsKftiCfhs00hbulNPHV1,https://api.spotify.com/v1/tracks/1GsKftiCfhs00hbulNPHV1,https://api.spotify.com/v1/audio-analysis/1GsKftiCfhs00hbulNPHV1,195720,3,Salt and Vinegar,Lights,Salt and Vinegar,1GsKftiCfhs00hbulNPHV1,spotify:artist:5pdyjBIaY5o1yOyexGIUc6,"['canadian folk', 'canadian pop', 'electropop', 'indie poptimism']"
83,0.785,0.56,6,-4.548,0,0.153,0.199,2.71E-05,0.0887,0.655,100.078,audio_features,spotify:track:4vMvD08D53LSWRZZJni1zp,https://api.spotify.com/v1/tracks/4vMvD08D53LSWRZZJni1zp,https://api.spotify.com/v1/audio-analysis/4vMvD08D53LSWRZZJni1zp,178546,4,All Of It All,Lukas Graham,All Of It All,4vMvD08D53LSWRZZJni1zp,spotify:artist:25u4wHJWxCA9vO0CzxAbK7,"['danish pop', 'pop', 'scandipop']"
84,0.717,0.543,1,-6.559,1,0.0623,0.0513,1.46E-05,0.137,0.303,87.458,audio_features,spotify:track:0fM5RgjEhuB9UYei2EEQUR,https://api.spotify.com/v1/tracks/0fM5RgjEhuB9UYei2EEQUR,https://api.spotify.com/v1/audio-analysis/0fM5RgjEhuB9UYei2EEQUR,157090,4,Dawn to Dusk,24kGoldn,Dawn to Dusk,0fM5RgjEhuB9UYei2EEQUR,spotify:artist:6fWVd57NKTalqvmjRd2t8Z,"['cali rap', 'pop rap']"
85,0.735,0.795,11,-6.523,0,0.113,0.0296,3.18E-05,0.0678,0.905,122,audio_features,spotify:track:1nH2PkJL1XoUq8oE6tBZoU,https://api.spotify.com/v1/tracks/1nH2PkJL1XoUq8oE6tBZoU,https://api.spotify.com/v1/audio-analysis/1nH2PkJL1XoUq8oE6tBZoU,188918,4,Sacrifice,The Weeknd,Dawn FM,1nH2PkJL1XoUq8oE6tBZoU,spotify:artist:1Xyo4u8uXC1ZmMpatF05PJ,"['canadian contemporary r&b', 'canadian pop', 'pop']"
86,0.791,0.69,7,-4.466,1,0.0512,0.345,0,0.114,0.38,99.976,audio_features,spotify:track:1d2h4OAWkccvBIqg4srYC3,https://api.spotify.com/v1/tracks/1d2h4OAWkccvBIqg4srYC3,https://api.spotify.com/v1/audio-analysis/1d2h4OAWkccvBIqg4srYC3,188648,4,Reason,Ro Joaquim,Reason,1d2h4OAWkccvBIqg4srYC3,spotify:artist:0IQocR32Nu6gtkWFgPpXWP,[]
87,0.75,0.691,5,-4.857,0,0.0694,0.193,1.65E-06,0.132,0.493,124.965,audio_features,spotify:track:3kL40teEoVA3IBmYkKslSV,https://api.spotify.com/v1/tracks/3kL40teEoVA3IBmYkKslSV,https://api.spotify.com/v1/audio-analysis/3kL40teEoVA3IBmYkKslSV,211493,4,Same Team,Alice Merton,Same Team,3kL40teEoVA3IBmYkKslSV,spotify:artist:7f0OLhGgBMX9fUjm1dcPip,[]
88,0.574,0.461,9,-10.721,1,0.0416,0.28,3.76E-05,0.104,0.344,156.074,audio_features,spotify:track:2JerYQPEZWTiTEIFgfUEoV,https://api.spotify.com/v1/tracks/2JerYQPEZWTiTEIFgfUEoV,https://api.spotify.com/v1/audio-analysis/2JerYQPEZWTiTEIFgfUEoV,244014,4,WTSGD (with Alessia Cara),CLAY,WTSGD (with Alessia Cara),2JerYQPEZWTiTEIFgfUEoV,spotify:artist:20aPu5vizjmoX2A7f7AOWL,[]
89,0.656,0.625,11,-6.226,0,0.188,0.482,0,0.131,0.412,129.44,audio_features,spotify:track:6XuoaKF9i1i2y2HfegB5yB,https://api.spotify.com/v1/tracks/6XuoaKF9i1i2y2HfegB5yB,https://api.spotify.com/v1/audio-analysis/6XuoaKF9i1i2y2HfegB5yB,243910,4,All About You (Retrospected),Classified,All About You (Retrospected),6XuoaKF9i1i2y2HfegB5yB,spotify:artist:7t6GsqGAwrj1kwYbvNX0hN,"['atlantic canada hip hop', 'canadian hip hop', 'canadian old school hip hop', 'indie pop rap', 'pop rap', 'underground rap']"
90,0.654,0.84,4,-4.989,0,0.0747,0.0172,0,0.264,0.534,151.976,audio_features,spotify:track:2cW6YjxfNnDycOoE95xwfa,https://api.spotify.com/v1/tracks/2cW6YjxfNnDycOoE95xwfa,https://api.spotify.com/v1/audio-analysis/2cW6YjxfNnDycOoE95xwfa,109929,4,Party 22,Lilyisthatyou,Party 22,2cW6YjxfNnDycOoE95xwfa,spotify:artist:4ExEi8SBEd3QRgwbGw2nHC,['alt z']
91,0.784,0.778,9,-5.396,1,0.0571,0.108,0,0.0606,0.734,144.989,audio_features,spotify:track:0fL0C37F64Ufzi2kHRql5Y,https://api.spotify.com/v1/tracks/0fL0C37F64Ufzi2kHRql5Y,https://api.spotify.com/v1/audio-analysis/0fL0C37F64Ufzi2kHRql5Y,197036,4,no excuses,Virginia To Vegas,"it's a little complicated, but i'm okay.",0fL0C37F64Ufzi2kHRql5Y,spotify:artist:3v9wPA58IVrX2dg6AjSPgi,"['alt z', 'canadian pop', 'electropop', 'pop', 'tropical house']"
92,0.469,0.627,11,-3.777,1,0.14,0.459,1.76E-06,0.0535,0.556,99.987,audio_features,spotify:track:2dt5k4ChcpKmCi2KPyuxpK,https://api.spotify.com/v1/tracks/2dt5k4ChcpKmCi2KPyuxpK,https://api.spotify.com/v1/audio-analysis/2dt5k4ChcpKmCi2KPyuxpK,168675,4,Nobody Else,TOME,Nobody Else,2dt5k4ChcpKmCi2KPyuxpK,spotify:artist:2aRiWRO2A7xUI2sqZyJJmX,['afro r&b']
93,0.657,0.645,2,-5.33,0,0.0321,0.0657,8.80E-06,0.187,0.387,134.021,audio_features,spotify:track:3PmaqkHQLWpxKhSpo6yJip,https://api.spotify.com/v1/tracks/3PmaqkHQLWpxKhSpo6yJip,https://api.spotify.com/v1/audio-analysis/3PmaqkHQLWpxKhSpo6yJip,189515,4,roses,Alyssa Reid,roses,3PmaqkHQLWpxKhSpo6yJip,spotify:artist:6okAv2ACUPrUrwux2B17Rc,"['canadian pop', 'electropop']"
94,0.435,0.795,11,-5.413,1,0.25,0.0599,1.21E-05,0.0886,0.443,96.993,audio_features,spotify:track:21dzN9GnrRDYB8PmYCNSeh,https://api.spotify.com/v1/tracks/21dzN9GnrRDYB8PmYCNSeh,https://api.spotify.com/v1/audio-analysis/21dzN9GnrRDYB8PmYCNSeh,190515,4,Don't Break His Heart,bülow,Don't Break His Heart,21dzN9GnrRDYB8PmYCNSeh,spotify:artist:5vBrKGOjN10BMwB0cJADj4,"['alt z', 'electropop', 'indie poptimism', 'indietronica', 'pop', 'post-teen pop', 'social media pop']"
95,0.466,0.595,9,-7.08,1,0.0329,0.112,0,0.127,0.209,114.925,audio_features,spotify:track:7z2kq6mwSPjzY9BkSEO5Vs,https://api.spotify.com/v1/tracks/7z2kq6mwSPjzY9BkSEO5Vs,https://api.spotify.com/v1/audio-analysis/7z2kq6mwSPjzY9BkSEO5Vs,181629,4,Boston,Dylan Matthew,Boston,7z2kq6mwSPjzY9BkSEO5Vs,spotify:artist:6d0ZjIp5L7Ygy2l02HskRX,['social media pop']
96,0.602,0.642,2,-5.404,0,0.211,0.0131,5.33E-06,0.0668,0.54,175.978,audio_features,spotify:track:6LA7WgwRca4bYg7Ip50dqN,https://api.spotify.com/v1/tracks/6LA7WgwRca4bYg7Ip50dqN,https://api.spotify.com/v1/audio-analysis/6LA7WgwRca4bYg7Ip50dqN,152214,4,PS5 (with TOMORROW X TOGETHER & Alan Walker),salem ilese,Unsponsored Content,6LA7WgwRca4bYg7Ip50dqN,spotify:artist:3QJUFtGBGL05vo0kCJZsmT,"['alt z', 'modern indie pop', 'social media pop']"
97,0.41,0.611,4,-8.271,0,0.0467,0.0228,0,0.116,0.0899,185.727,audio_features,spotify:track:58HvfVOeJY7lUuCqF0m3ly,https://api.spotify.com/v1/tracks/58HvfVOeJY7lUuCqF0m3ly,https://api.spotify.com/v1/audio-analysis/58HvfVOeJY7lUuCqF0m3ly,184448,3,MIDDLE OF THE NIGHT,Elley Duhé,MIDDLE OF THE NIGHT,58HvfVOeJY7lUuCqF0m3ly,spotify:artist:67MNhiAICFY6Pwc2YxCO0K,"['alt z', 'pop']"
98,0.427,0.45,0,-11.085,1,0.074,0.833,0,0.113,0.161,86.608,audio_features,spotify:track:5vBHFYWu1KAAHYY5EfMl5u,https://api.spotify.com/v1/tracks/5vBHFYWu1KAAHYY5EfMl5u,https://api.spotify.com/v1/audio-analysis/5vBHFYWu1KAAHYY5EfMl5u,206453,4,idc,Lili-Ann De Francesco,idc,5vBHFYWu1KAAHYY5EfMl5u,spotify:artist:5oWPqJjzXP3A0RCsASbEbA,['pop quebecois']
99,0.536,0.382,6,-8.363,0,0.0351,0.802,2.79E-05,0.0815,0.397,83.407,audio_features,spotify:track:1cxf0uqgT8mrRUryRj2GCx,https://api.spotify.com/v1/tracks/1cxf0uqgT8mrRUryRj2GCx,https://api.spotify.com/v1/audio-analysis/1cxf0uqgT8mrRUryRj2GCx,216426,3,dougie jones,Lubalin,dougie jones,1cxf0uqgT8mrRUryRj2GCx,spotify:artist:6lt3CXKfhLXjYl2VFD6vN4,[]