,Unnamed: 0,danceability,energy,key,loudness,mode,speechiness,acousticness,instrumentalness,liveness,valence,tempo,type,uri,track_href,analysis_url,duration_ms,time_signature,song_name,artist,album,id,artist_uri,genres,lyrics,release_date,lyrics_filtered
0,0,0.654,0.843,8,-5.012,0,0.0626,0.011,6.31e-06,0.11,0.383,128.051,audio_features,spotify:track:5hiaMC2Q16n1RYYKg49Qje,https://api.spotify.com/v1/tracks/5hiaMC2Q16n1RYYKg49Qje,https://api.spotify.com/v1/audio-analysis/5hiaMC2Q16n1RYYKg49Qje,219627,4,Raise Your Weapon - Madeon Remix,Various Artists,Ultra / Wynn presents Encore Beach Club Las Vegas Sessions Vol. 1 (Mixed by Sidney Samson),5hiaMC2Q16n1RYYKg49Qje,spotify:artist:0LyfQWJT6nXafLPZqxe9Of,[],[None],2013-07-23,Error: No lyrics found
1,1,0.518,0.724,8,-6.327,1,0.0839,0.0308,0.0,0.116,0.334,121.884,audio_features,spotify:track:7pstxLUhvsJC3M4TxHe2aI,https://api.spotify.com/v1/tracks/7pstxLUhvsJC3M4TxHe2aI,https://api.spotify.com/v1/audio-analysis/7pstxLUhvsJC3M4TxHe2aI,192731,4,Carry You Home,Tiësto,Carry You Home,7pstxLUhvsJC3M4TxHe2aI,spotify:artist:2o5jDhtHVPhrJdv3cEQ99Z,"['big room', 'brostep', 'dance pop', 'dutch edm', 'edm', 'house', 'pop', 'pop dance', 'slap house', 'trance', 'tropical house']","[""[Verse 1: Aloe Blacc]\nEverybody needs a little room to make mistakes\nYou don't have to be so perfect, you can go at your own pace\n\n[Pre-Chorus: Aloe Blacc]\nJust show me the real you so that I can feel you\nI promise I won't let you down\nJust show me the real you so that I can feel you\nI promise I won't let you down\n\n[Chorus: Aloe Blacc]\nLet me carry you home\nLet me carry you home\nWhen you're tired and you're weary\nAnd you have no strength to go on\nLet me carry you home\nLet me carry you home\nWhen there's no one to turn to\nAnd all you've had faith in is gone\nLet me carry you home\n\n[Post-Chorus: Aloe Blacc]\nLet me carry you home\nLet me carry you home\n\n[Verse 2: Aloe Blacc]\nEveryone deserves a little precious time\nTo stumble till they find a little peace of mind\n\n[Pre-Chorus: Aloe Blacc]\nJust show me the real you so that I can feel you\nI promise I won't let you down\nJust show me the real you so that I can feel you\nI promise I won't let you down\n\n[Chorus: Aloe Blacc]\nLet me carry you home\nLet me carry you home\nWhen you're tired and you're weary\nAnd you have no strength to go on\nLet me carry you home\nLet me carry you home\nWhen there's no one to turn to\nAnd all you've had faith in is gone\nLet me carry you home\n\n[Post-Chorus: Aloe Blacc]\nLet me carry you home\n\n[Outro]\nLet me carry you home\nLet me carry you home\nWhen there's no one to turn to\nAnd all you've had faith in is gone\nLet me carry you home""]",2017-09-29,everybody needs little room make mistakes perfect go pace show real feel promise let show real feel promise let let carry home let carry home tired weary strength go let carry home let carry home there's one turn faith gone let carry home let carry home let carry home everyone deserves little precious time stumble till find little peace mind show real feel promise let show real feel promise let let carry home let carry home tired weary strength go let carry home let carry home there's one turn faith gone let carry home let carry home let carry home let carry home there's one turn faith gone let carry home
2,2,0.652,0.855,2,-4.832,1,0.0441,0.00179,0.0,0.0404,0.279,134.009,audio_features,spotify:track:6WbADFqMvR8N5u0BvtsWQE,https://api.spotify.com/v1/tracks/6WbADFqMvR8N5u0BvtsWQE,https://api.spotify.com/v1/audio-analysis/6WbADFqMvR8N5u0BvtsWQE,181673,4,Without You (feat. Sandro Cavazza),Avicii,AVĪCI (01),6WbADFqMvR8N5u0BvtsWQE,spotify:artist:1vCWHaC5f2uS3yhpwWbIA6,"['dance pop', 'edm', 'pop', 'pop dance']","[""[Verse 1]\nYou said that we would always be\nWithout you I feel lost at sea\nThrough the darkness you'd hide with me\nLike the wind we'd be wild and free\n\n[Pre-Chorus]\nYou said you'd follow me anywhere\nBut your eyes tell me you won't be there\n\n[Chorus]\nI've gotta learn how to love without you\nI've gotta carry my cross without you\nStuck in the middle and I'm just about to\nFigure it out without you\nAnd I'm done sitting home without you\nFuck, I'm going out without you\nI'm gonna tear this city down without you\nI'm goin' Bonnie and Clyde without you\n\n[Verse 2]\nNow I'm running away, my dear\nFrom myself and the truth I fear\nMy heart is beating I can't see clear\nHow I'm wishing that you were here\n\n[Pre-Chorus]\nYou said you'd follow me anywhere\nBut your eyes tell me you won't be there\n\n[Chorus]\nI've gotta learn how to love without you\nI've gotta carry my cross without you\nStuck in the middle and I'm just about to\nFigure it out without you\nAnd I'm done sitting home without you\nFuck, I'm going out without you\nI'm gonna tear this city down without you\nI'm goin' Bonnie and Clyde without you""]",2017-08-10,said would always without feel lost sea darkness hide like wind we'd wild free said follow anywhere eyes tell i've gotta learn love without i've gotta carry cross without stuck middle i'm figure without i'm done sitting home without fuck i'm going without i'm gonna tear city without i'm goin' bonnie clyde without i'm running away dear truth fear heart beating can't see clear i'm wishing said follow anywhere eyes tell i've gotta learn love without i've gotta carry cross without stuck middle i'm figure without i'm done sitting home without fuck i'm going without i'm gonna tear city without i'm goin' bonnie clyde without
3,3,0.722,0.827,1,-6.501,0,0.0659,0.0844,9.14e-05,0.0654,0.346,121.896,audio_features,spotify:track:1UIUOVUjP05FNIABL61bCk,https://api.spotify.com/v1/tracks/1UIUOVUjP05FNIABL61bCk,https://api.spotify.com/v1/audio-analysis/1UIUOVUjP05FNIABL61bCk,197954,4,Blind Heart - Radio Edit,CAZZETTE,Blind Heart (Radio Edit),1UIUOVUjP05FNIABL61bCk,spotify:artist:1IELhvOMg5VQlU7syRm6CS,"['complextro', 'edm', 'electro house', 'pop dance', 'pop edm', 'progressive electro house', 'progressive house', 'tropical house']","[""[Cazzette feat. Terri B!]\nYou got me strung up like a puppet,\nHung up on a thin, red line.\nYou got me caught up in your loving,\nStuck here in my love sick night.\n(You got my blind, yeah)\n(You got my blind, yeah)\n(You got my blind, yeah)\n(You got my blind, yeah)\n(You got my blind, yeah)\n(You got my blind, yeah)\nYou got my blind heart holding onto you.\nYour heart, you got, you got my (my heart), you got my, you got my (ma-my heart), you got my, you got, you got my blind heart holding onto you.\n\nI'm in pieces like a puzzle,\nScattered all around this room.\nI need to put this back together,\nYou twisted up my point of view.\nNo, I've been trying,\nTo pick myself up of the floor\nAnd it'd be lying,\nTo say I don't want you anymore.\n\nYou got, you got, you got my, you got my blind heart holding onto you.\n(Your heart), you got, you got my (my heart), you got my, you got my (ma-my heart), you got my (my heart), you got my\n(Your heart), you got, you got my (my heart), you got my, you got my (ma-my heart), you got my (my heart), you got my\nblind heart holding onto you.\nYou got my (your heart), you got (your heart), you got""]",2014-10-21,[cazzette feat. terri b!] got strung like puppet hung thin red line. got caught loving stuck love sick night. (you got blind yeah) (you got blind yeah) (you got blind yeah) (you got blind yeah) (you got blind yeah) (you got blind yeah) got blind heart holding onto you. heart got got (my heart) got got (ma-my heart) got got got blind heart holding onto you. i'm pieces like puzzle scattered around room. need put back together twisted point view. i've trying pick floor it'd lying say want anymore. got got got got blind heart holding onto you. (your heart) got got (my heart) got got (ma-my heart) got (my heart) got (your heart) got got (my heart) got got (ma-my heart) got (my heart) got blind heart holding onto you. got (your heart) got (your heart) got
4,4,0.548,0.911,7,-6.233,1,0.0408,0.053,0.065,0.0721,0.438,164.997,audio_features,spotify:track:5LXxoROxBgjNvIWQbU4Kd2,https://api.spotify.com/v1/tracks/5LXxoROxBgjNvIWQbU4Kd2,https://api.spotify.com/v1/audio-analysis/5LXxoROxBgjNvIWQbU4Kd2,228253,3,Eyes Wide Open,Scavenger Hunt,Eyes Wide Open,5LXxoROxBgjNvIWQbU4Kd2,spotify:artist:2CJw5Z0VmlBMrS1J1dtG9Z,"['electropop', 'indie poptimism', 'nightrun', 'vapor soul']",[''],2017-10-13,Error: No lyrics found
5,5,0.557,0.873,0,-4.756,1,0.0485,0.0162,0.0,0.171,0.367,119.923,audio_features,spotify:track:1rsbGdOm0druhhb3QigSxM,https://api.spotify.com/v1/tracks/1rsbGdOm0druhhb3QigSxM,https://api.spotify.com/v1/audio-analysis/1rsbGdOm0druhhb3QigSxM,215132,4,Heavy - John Gibbons Remix,Anne-Marie,Heavy (John Gibbons Remix),1rsbGdOm0druhhb3QigSxM,spotify:artist:1zNqDE7qDGCsyzJwohVaoX,"['dance pop', 'pop', 'pop dance', 'post-teen pop', 'tropical house', 'uk pop']","[""[Verse 1]\nWhen did we get so lost inside ourselves?\nWe used to be strong, now it's like we don't care\nInstead we're calling out for help\nDon't know where we went wrong, but it's so hard to share (so hard to share)\n\n[Pre-Chorus]\nAll this weight left on our shoulders\nToo much for the both of us\n\n[Chorus]\nWhen did it get so heavy?\nThis love that's in between us\nIt never used to feel this\nFeels so heavy (heavy)\nCan't get up off the ground (up off the ground)\nIt's weighing us down\n\n[Verse 2]\nWhen did we get so bad at being honest?\nYou got things on your mind, that you don't wanna say\nThought that we had made a promise\nThat we would never get this way\n\n[Pre-Chorus]\nBut all this weight left on our shoulders\nToo much for the both of us\n\n[Chorus]\nWhen did it get so heavy?\nThis love that's in between us\nIt never used to feel this\nFeels so heavy\nCan't get up off the ground, yeah (up off the ground)\nIt's weighing us down\nIt's weighing us down (so heavy, baby)\n\n[Bridge]\nAll these things we said that we never meant\nAre we gonna let them hold us down?\nAll these things we said that we never meant\nAre we gonna let them hold us down, down?\n\n[Chorus]\n'Cause baby it's too heavy\nThis love that's in between us\nWe never used to feel this\nFeels so heavy, uh\nCan't get up off the ground\nCan't get up off the ground\nIt's weighing us down\nIt's weighing us down, down, down\n\n[Outro]\nSo heavy\nIt's weighing us down, down, down\nNo, no, no, no, na, na, na, na\nSo heavy\nWhen did it get so, when did it get so heavy?""]",2017-10-13,get lost inside ourselves? used strong like care instead we're calling help know went wrong hard share (so hard share) weight left shoulders much us get heavy? love that's us never used feel feels heavy (heavy) can't get ground (up ground) weighing us get bad honest? got things mind wanna say thought made promise would never get way weight left shoulders much us get heavy? love that's us never used feel feels heavy can't get ground yeah (up ground) weighing us weighing us (so heavy baby) things said never meant gonna let hold us down? things said never meant gonna let hold us down? 'cause baby heavy love that's us never used feel feels heavy uh can't get ground can't get ground weighing us weighing us heavy weighing us na na na na heavy get get heavy?
6,6,0.593,0.914,1,-5.351,1,0.0363,0.00137,0.445,0.0714,0.0381,128.015,audio_features,spotify:track:65G7XDGcybJiGywSCXJiL5,https://api.spotify.com/v1/tracks/65G7XDGcybJiGywSCXJiL5,https://api.spotify.com/v1/audio-analysis/65G7XDGcybJiGywSCXJiL5,176120,4,Animals - Radio Edit,Martin Garrix,Animals,65G7XDGcybJiGywSCXJiL5,spotify:artist:60d24wfXkVzDSfLS6hyCjZ,"['dance pop', 'dutch edm', 'edm', 'pop', 'pop dance', 'progressive house', 'tropical house']","[""[Chorus]\nWe're the fuckin' animals\n\n[Drop: Martin Garrix]\n\n[Chorus]\nWe're the fuckin' animals\n\n[Drop: Martin Garrix]""]",2016-12-16,we're fuckin' animals [drop: martin garrix] we're fuckin' animals [drop: martin garrix]
7,7,0.642,0.902,5,-4.631,0,0.0392,0.000352,0.757,0.311,0.295,127.99,audio_features,spotify:track:296fTW1CMX9j9mBRXKQMYi,https://api.spotify.com/v1/tracks/296fTW1CMX9j9mBRXKQMYi,https://api.spotify.com/v1/audio-analysis/296fTW1CMX9j9mBRXKQMYi,273949,4,Thunderclap,Adventure Club,Calling All Heroes - EP,296fTW1CMX9j9mBRXKQMYi,spotify:artist:5CdJjUi9f0cVgo9nFuJrFa,"['brostep', 'canadian electronic', 'edm', 'electro house', 'electronic trap', 'electropop', 'filthstep', 'future bass', 'melodic dubstep', 'pop dance', 'pop edm']",[None],2013-10-22,Error: No lyrics found
8,8,0.641,0.731,5,-4.96,0,0.0339,0.0306,0.0,0.258,0.505,123.048,audio_features,spotify:track:3slBHvoQcO8HjscbP2QKk5,https://api.spotify.com/v1/tracks/3slBHvoQcO8HjscbP2QKk5,https://api.spotify.com/v1/audio-analysis/3slBHvoQcO8HjscbP2QKk5,203000,4,More Than You Know,Axwell /\ Ingrosso,More Than You Know,3slBHvoQcO8HjscbP2QKk5,spotify:artist:2XnBwblw31dfGnspMIwgWz,"['dance pop', 'edm', 'electro house', 'pop', 'pop dance', 'tropical house']","[""[Chorus]\nI just need to get it off my chest\nYeah, more than you know\nYeah, more than you know\nYou should know that, baby, you're the best\nYeah, more than you know\nYeah, more than you know\n\n[Verse 1]\nI saw it coming, from miles away\nI better speak up if I got something to say\n'Cause it ain't over, until she sings\nYou had your reasons, you had a few\nBut you know that I would go anywhere for you\n'Cause it ain't over, until she sings\n\n[Chorus]\nI just need to get it off my chest\nYeah, more than you know\nYeah, more than you know\nYou should know that, baby, you're the best\nYeah, more than you know\nYeah, more than you know\n\n[Post-Chorus]\nI just...\nI just...\n\n[Verse 2]\nYour good intentions are sweet and pure\nBut they can never tame a fire like yours\nNo it ain't over, until she sings\nRight where you wanted, down on my knees\nYou got me begging, pretty baby, set me free\n'Cause it ain't over, until she sings\n\n[Pre-Chorus]\nCome a little closer, let me taste your smile\nUntil the morning light\nAin't no going back the way you look tonight\nI see it in your eyes\n\n[Chorus]\nI just need to get it off my chest\nYeah, more than you know\nYeah, more than you know\nYou should know that, baby, you're the best\nYeah, more than you know\nYeah, more than you know\n\n[Bridge]\nYeah, more than you know\nYeah, more than you know\nYeah, more than you know\nYeah, more than you know\nYeah, more than you know\nYeah, more than you know\nYeah, more than you know\nYeah, more than you know\n\n[Post-Chorus]\nI just...\n\n[Chorus]\nI just need to get it off my chest\nYeah, more than you know\nYeah, more than you know\nYou should know that, baby, you're the best\nYeah, more than you know\nYeah, more than you know""]",2017-05-24,need get chest yeah know yeah know know baby best yeah know yeah know saw coming miles away better speak got something say 'cause ain't sings reasons know would go anywhere 'cause ain't sings need get chest yeah know yeah know know baby best yeah know yeah know just... just... good intentions sweet pure never tame fire like ain't sings right wanted knees got begging pretty baby set free 'cause ain't sings come little closer let taste smile morning light ain't going back way look tonight see eyes need get chest yeah know yeah know know baby best yeah know yeah know yeah know yeah know yeah know yeah know yeah know yeah know yeah know yeah know just... need get chest yeah know yeah know know baby best yeah know yeah know
9,9,0.52,0.761,4,-3.093,1,0.0853,0.256,4.96e-06,0.17,0.286,141.971,audio_features,spotify:track:7vGuf3Y35N4wmASOKLUVVU,https://api.spotify.com/v1/tracks/7vGuf3Y35N4wmASOKLUVVU,https://api.spotify.com/v1/audio-analysis/7vGuf3Y35N4wmASOKLUVVU,180823,4,Silence,Marshmello,Silence,7vGuf3Y35N4wmASOKLUVVU,spotify:artist:64KEffDW9EtZ1y2vBYgq8T,"['brostep', 'dance pop', 'edm', 'pop', 'pop dance', 'progressive electro house']","[""[Verse 1]\nYeah, I'd rather be a lover than a fighter (Fighter)\n'Cause all my life, I've been fighting\nNever felt a feeling of comfort, oh\nAnd all this time, I've been hiding\nAnd I never had someone to call my own, oh nah\nI'm so used to sharing\nLove only left me alone\nBut I'm at one with the silence\n\n[Chorus]\nI found peace in your violence\nCan't tell me there's no point in trying\nI'm at one, and I've been quiet for too long\nI found peace in your violence\nCan't tell me there's no point in trying\nI'm at one, and I've been silent for too long\n\n[Drop]\nI've been quiet for too long\nI've been quiet for too long\nI found peace in your violence\nCan't tell me there's no point in trying\nI'm at one, and I've been quiet for too long\n\n[Verse 2]\nI'm in need of a savior (Savior), but I'm not asking for favors\nMy whole life, I've felt like a burden\nI think too much, and I hate it\nI'm so used to being in the wrong, I'm tired of caring\nLoving never gave me a home, so I'll sit here in the silence\n\n[Chorus]\nI found peace in your violence\nCan't tell me there's no point in trying\nI'm at one, and I've been quiet for too long\nI found peace in your violence\nCan't tell me there's no point in trying\nI'm at one, and I've been silent for too long\n\n[Drop]\nI've been quiet for too long\nI've been quiet for too long\nI found peace in your violence\nCan't tell me there's no point in trying\nI'm at one, and I've been quiet for too long""]",2017-08-11,yeah i'd rather lover fighter (fighter) 'cause life i've fighting never felt feeling comfort oh time i've hiding never someone call oh nah i'm used sharing love left alone i'm one silence found peace violence can't tell there's point trying i'm one i've quiet long found peace violence can't tell there's point trying i'm one i've silent long [drop] i've quiet long i've quiet long found peace violence can't tell there's point trying i'm one i've quiet long i'm need savior (savior) i'm asking favors whole life i've felt like burden think much hate i'm used wrong i'm tired caring loving never gave home i'll sit silence found peace violence can't tell there's point trying i'm one i've quiet long found peace violence can't tell there's point trying i'm one i've silent long [drop] i've quiet long i've quiet long found peace violence can't tell there's point trying i'm one i've quiet long
10,10,0.593,0.868,1,-3.573,0,0.295,0.183,0.0,0.365,0.496,104.988,audio_features,spotify:track:7aF09WaavZAmAWuUeYxlYD,https://api.spotify.com/v1/tracks/7aF09WaavZAmAWuUeYxlYD,https://api.spotify.com/v1/audio-analysis/7aF09WaavZAmAWuUeYxlYD,201257,4,Rich Love (with Seeb),OneRepublic,Rich Love,7aF09WaavZAmAWuUeYxlYD,spotify:artist:5Pwc4xIPtQLFEnJriah9YJ,"['dance pop', 'piano rock', 'pop', 'pop rock']","['[Verse 1]\nI remember talking and drinking what we could find\nBurnin\' all those candles and stayin\' up through the night\nWe\'d make reservations for the places we know we\'d never try\nBut then oh, we found some rich love\nI remember feeling broke as a bottle of wine\nI didn\'t move to the city to count all my pennies\nAnd worship the Hollywood sign\nShe\'ll say, ""Hey man, nice to meet you,""\nAnd she\'ll take every one last time\nAnd I know, \'cause I found some fake love\n\n[Chorus]\nOoh, broke as a bottle of wine\nOoh, but drink with you all damn night\nOoh, not trying to trade up\n\'Cause if we don\'t find money\nThen what we got honey is just enough\nWe got some rich love\n\n[Post-Chorus]\nShe\'ll say, ""Hey man,""\nShe\'ll say, ""Hey man, nice to meet you,""\nShe\'ll say, ""Hey man, nice to meet you,""\nAnd she\'ll take every one last time and I know\n\n[Verse 2]\nDo you remember dancing at parties out in the yard?\nWe would piss off the neighbors\nThey\'d eventually call the cops\nAnd I was saving up for something, hoping life would finally start\n\'Cause oh, we had some new love\n\n[Chorus]\nOoh, broke as a bottle of wine\nOoh, but drink with you all damn night\nOoh, broke as a bottle of wine\nCause if we don\'t find money\nThen what we got honey lifts it up\nWe got some rich love\n\n[Post-Chorus]\nShe\'ll say, ""Hey man,""\nShe\'ll say, ""Hey man, nice to meet you,""\nShe\'ll say, ""Hey man, nice to meet you,""\nAnd she\'ll take every one last time and I know\n\n[Bridge]\nWe\'re broke as a bottle of wine\nOh, we\'re broke as a bottle of wine\nSaid, we\'re broke as a bottle of wine\nWe\'re broke as a bottle of wine\nBroke as a bottle of wine\nWe\'re broke as a bottle of wine\nCause if we don\'t find money\nThen what we got honey lifts it up\nWe got some rich love\n\n[Post-Bridge]\nShe\'ll say, ""Hey man,""\nShe\'ll say, ""Hey man, nice to meet you,""\nWe\'re broke as a bottle of wine\nWe\'re broke as a bottle of wine\nCause if we don\'t find money\nThen what we got honey lifts it up\nWe got some rich love\n\n[Outro]\nWe\'re broke as a bottle of wine\nBroke as a bottle of wine\nWe\'re broke as a bottle of wine, bottle of wine\nWe\'re broke as a bottle of wine\nWe\'re broke as a bottle of wine\nCause if we don\'t find money\nThen what we got honey lifts it up\nWe got some rich love']",2017-07-14,"remember talking drinking could find burnin' candles stayin' night we'd make reservations places know we'd never try oh found rich love remember feeling broke bottle wine move city count pennies worship hollywood sign she'll say ""hey man nice meet you"" she'll take every one last time know 'cause found fake love ooh broke bottle wine ooh drink damn night ooh trying trade 'cause find money got honey enough got rich love she'll say ""hey man"" she'll say ""hey man nice meet you"" she'll say ""hey man nice meet you"" she'll take every one last time know remember dancing parties yard? would piss neighbors they'd eventually call cops saving something hoping life would finally start 'cause oh new love ooh broke bottle wine ooh drink damn night ooh broke bottle wine cause find money got honey lifts got rich love she'll say ""hey man"" she'll say ""hey man nice meet you"" she'll say ""hey man nice meet you"" she'll take every one last time know we're broke bottle wine oh we're broke bottle wine said we're broke bottle wine we're broke bottle wine broke bottle wine we're broke bottle wine cause find money got honey lifts got rich love [post-bridge] she'll say ""hey man"" she'll say ""hey man nice meet you"" we're broke bottle wine we're broke bottle wine cause find money got honey lifts got rich love we're broke bottle wine broke bottle wine we're broke bottle wine bottle wine we're broke bottle wine we're broke bottle wine cause find money got honey lifts got rich love"
11,11,0.653,0.81,7,-6.032,0,0.0558,0.118,0.0,0.126,0.583,121.951,audio_features,spotify:track:3bWAqKDWg6u1davspr5IkS,https://api.spotify.com/v1/tracks/3bWAqKDWg6u1davspr5IkS,https://api.spotify.com/v1/audio-analysis/3bWAqKDWg6u1davspr5IkS,189307,4,OK,Robin Schulz,OK,3bWAqKDWg6u1davspr5IkS,spotify:artist:3t5xRXzsuZmMDkQzgOX35S,"['dance pop', 'deep euro house', 'deep house', 'edm', 'german dance', 'pop', 'pop dance', 'tropical house']","[""[Verse 1]\nI really need you\nI really need your love right now\nI'm fading fast\nNot gonna last\nI'm really stupid\nI'm burning up, I'm going down\nI'm in it bad\nDon't even ask\n\n[Pre-Chorus]\nWhen I found myself in the middle, in the middle, in the middle\nCould you love me more, just a little, just a little\nOvercomplicate when it's simple, when it's simple, when it's simple\nWould you love me more, just a little\n\n[Chorus]\nSo tell me now\nWhen every star falls from the sky\nAnd every last heart in the world breaks\nOh hold me now\nWhen every ship is going down\nI don't fear nothing when I hear you say\n\n[Post-Chorus]\nIt's gonna be okay\nIt's gonna be okay\nIt's gonna be okay\nIt's gonna be okay\n\n[Verse 2]\nI'm really sorry\nSorry I dragged you into this\nI overthink, that's all it is\nThe way you love me\nThe way you love me 'til the end\nThe way you love me\nOh yeah, it makes me king again\n\n[Pre-Chorus]\nWhen I found myself in the middle, in the middle, in the middle\nCould you love me more, just a little, just a little\nOvercomplicate when it's simple, when it's simple, when it's simple\nWould you love me more, just a little\n\n[Chorus]\nSo tell me now\nWhen every star falls from the sky\nAnd every last heart in the world breaks\nOh hold me now\nWhen every ship is going down\nI don't fear nothing when I hear you say\n\n[Post-Chorus]\nIt's gonna be okay\nIt's gonna be okay\nIt's gonna be okay\nIt's gonna be okay\n\n[Bridge]\nIt's gonna be okay\nIt's gonna be okay\nIt's gonna be okay\nIt's gonna be okay\n\n[Post-Chorus]\nIt's gonna be okay\nIt's gonna be okay\nIt's gonna be okay\nIt's gonna be okay\nIt's gonna be okay\n\n[Outro]\nWhen every star falls from the sky\nAnd every last heart in the world breaks\nIt's gonna be okay\nWhen every ship is going down\nI don't fear nothing when I hear you say\nIt's gonna be okay""]",2017-05-19,really need really need love right i'm fading fast gonna last i'm really stupid i'm burning i'm going i'm bad even ask found middle middle middle could love little little overcomplicate simple simple simple would love little tell every star falls sky every last heart world breaks oh hold every ship going fear nothing hear say gonna okay gonna okay gonna okay gonna okay i'm really sorry sorry dragged overthink that's way love way love 'til end way love oh yeah makes king found middle middle middle could love little little overcomplicate simple simple simple would love little tell every star falls sky every last heart world breaks oh hold every ship going fear nothing hear say gonna okay gonna okay gonna okay gonna okay gonna okay gonna okay gonna okay gonna okay gonna okay gonna okay gonna okay gonna okay gonna okay every star falls sky every last heart world breaks gonna okay every ship going fear nothing hear say gonna okay
12,12,0.662,0.645,6,-7.477,0,0.0316,0.0185,0.000173,0.19,0.479,119.953,audio_features,spotify:track:2JQ0p4kCbWpDU3GoaZhPV7,https://api.spotify.com/v1/tracks/2JQ0p4kCbWpDU3GoaZhPV7,https://api.spotify.com/v1/audio-analysis/2JQ0p4kCbWpDU3GoaZhPV7,215586,4,Not Giving Up on You - Bit Funk Remix,Emma-Lee,Not Giving Up on You (Bit Funk Remix),2JQ0p4kCbWpDU3GoaZhPV7,spotify:artist:1OD4aWTiLRPAijuuIahCPS,[],[None],2017-09-22,Error: No lyrics found
13,13,0.707,0.879,7,-5.876,0,0.0615,0.0219,0.373,0.0585,0.67,139.932,audio_features,spotify:track:1ds5oarhQjo0K9gNB8SoP1,https://api.spotify.com/v1/tracks/1ds5oarhQjo0K9gNB8SoP1,https://api.spotify.com/v1/audio-analysis/1ds5oarhQjo0K9gNB8SoP1,227095,4,Backbeat,Dagny,Backbeat,1ds5oarhQjo0K9gNB8SoP1,spotify:artist:6Paz0vXJJ9bCPf0fEm3qzg,"['dance pop', 'electropop', 'indie poptimism', 'norwegian pop', 'tropical house']","['[Intro]\nOh oh oh oh oh oh\nOh oh oh oh oh oh\nOh oh oh oh oh oh\nOh oh oh oh oh oh\n\n[Verse 1]\nRight now\nYou got me feeling like I can’t believe I let you go\nI’ve been alone so long\nAnd now I wonder what the hell we were thinking of\nOh I can’t believe I kid myself again, again\nNow I’m letting go\nOh my fear, all my fear\nI’ve been fearing this too long\n\n[Chorus]\nBack beat, counting time\nPick it up and tell me if you really wanna dance some more\nWe’re borderline wasting time\nPick it up and tell me that you love me like you did before\nI understand, understand\nI been feeling it so long\nI’m flying when I’m in your arms\nI’m burning up, burning up\nFeeling like I kid myself, kid myself again\nYeah\n\n[Interlude]\nOh oh oh oh oh oh\nOh oh oh oh oh oh\n\n[Verse 2]\nThink fast\nDon’t let the speed of sound leave you feeling paralyzed\nSlow down\nCause your words are saying something different than your eyes\nOh, If only we could make it so we didn’t have to try so hard\nTo stay in time again\nShow me how, show me how\nAnd you will leave me wanting more\n\n[Chorus]\nBack beat, counting time\nPick it up and tell me if you really wanna dance some more\nWe’re borderline wasting time\nPick it up and tell me that you love me like you did before\nI understand, understand\nI been feeling it so long\nI’m flying when I’m in your arms\nI’m burning up, burning up\nFeeling like I kid myself, kid myself again\nYeah\n\n[Chorus]\nBack beat, counting time\nPick it up and tell me if you really wanna dance some more\nWe’re borderline wasting time\nPick it up and tell me that you love me like you did before\nI understand, understand\nI been feeling it so long\nI’m flying when I’m in your arms\nI’m burning up, burning up\nFeeling like I kid myself, kid myself again\nYeah\n\n[Interlude]\nOh oh oh oh oh oh\nOh oh oh oh oh oh\nOh oh oh oh oh oh\nOh oh oh oh oh oh\n\n[Chorus]\nBack beat, counting time\nPick it up and tell me if you really wanna dance some more\nWe’re borderline wasting time\nPick it up and tell me that you love me like you did before\nI understand, understand\nI been feeling it so long\nI’m flying when I’m in your arms\nI’m burning up, burning up\nFeeling like I kid myself, kid myself again\nYeah']",2015-09-23,oh oh oh oh oh oh oh oh oh oh oh oh oh oh oh oh oh oh oh oh oh oh oh oh right got feeling like can’t believe let go i’ve alone long wonder hell thinking oh can’t believe kid i’m letting go oh fear fear i’ve fearing long back beat counting time pick tell really wanna dance we’re borderline wasting time pick tell love like understand understand feeling long i’m flying i’m arms i’m burning burning feeling like kid kid yeah oh oh oh oh oh oh oh oh oh oh oh oh think fast don’t let speed sound leave feeling paralyzed slow cause words saying something different eyes oh could make didn’t try hard stay time show show leave wanting back beat counting time pick tell really wanna dance we’re borderline wasting time pick tell love like understand understand feeling long i’m flying i’m arms i’m burning burning feeling like kid kid yeah back beat counting time pick tell really wanna dance we’re borderline wasting time pick tell love like understand understand feeling long i’m flying i’m arms i’m burning burning feeling like kid kid yeah oh oh oh oh oh oh oh oh oh oh oh oh oh oh oh oh oh oh oh oh oh oh oh oh back beat counting time pick tell really wanna dance we’re borderline wasting time pick tell love like understand understand feeling long i’m flying i’m arms i’m burning burning feeling like kid kid yeah
14,14,0.743,0.735,8,-5.337,1,0.0382,0.00389,0.0,0.304,0.631,104.979,audio_features,spotify:track:7iNIg7XDEaYECfWD5dJ9Va,https://api.spotify.com/v1/tracks/7iNIg7XDEaYECfWD5dJ9Va,https://api.spotify.com/v1/audio-analysis/7iNIg7XDEaYECfWD5dJ9Va,189467,4,Friends (with BloodPop®),Justin Bieber,Friends (with BloodPop®),7iNIg7XDEaYECfWD5dJ9Va,spotify:artist:1uNFoZAHBGtllmzznpCI3s,"['canadian pop', 'pop']",[''],2017-08-17,Error: No lyrics found
15,15,0.365,0.851,4,-6.238,0,0.065,0.0964,0.003,0.238,0.309,78.068,audio_features,spotify:track:1lgN0A2Vki2FTON5PYq42m,https://api.spotify.com/v1/tracks/1lgN0A2Vki2FTON5PYq42m,https://api.spotify.com/v1/audio-analysis/1lgN0A2Vki2FTON5PYq42m,170067,4,Warriors,Imagine Dragons,Smoke + Mirrors (Deluxe),1lgN0A2Vki2FTON5PYq42m,spotify:artist:53XhwfbYqKCa1cC15pYq2q,"['modern rock', 'rock']","[""[Verse 1]\nAs a child, you would wait and watch from far away\nBut you always knew that you'd be the one\nThat work while they all play\nIn youth, you'd lay awake at night and scheme\nOf all the things that you would change\nBut it was just a dream\n\n[Chorus]\nHere we are, don't turn away now (Don't turn away)\nWe are the warriors that built this town (This town)\nHere we are, don't turn away now (Don't turn away)\nWe are the warriors that built this town (This town)\nFrom dust\n\n[Verse 2]\nThe time will come, when you'll have to rise\nAbove the rest and prove yourself\nYour spirit never dies\nFarewell, I've gone to take my throne above\nBut don't weep for me, 'cause this will be\nThe labor of my love\n\n[Chorus]\nHere we are, don't turn away now (Don't turn away)\nWe are the warriors that built this town (This town)\nHere we are, don't turn away now (Don't turn away)\nWe are the warriors that built this town (This town)\nFrom dust\n\n[Guitar Solo]\n\n[Chorus]\nHere we are, don't turn away now (Don't turn away)\nWe are the warriors that built this town (This town)\nHere we are, don't turn away now (Don't turn away)\nWe are the warriors that built this town (This town)\nFrom dust""]",2015-10-30,child would wait watch far away always knew one work play youth lay awake night scheme things would change dream turn away (don't turn away) warriors built town (this town) turn away (don't turn away) warriors built town (this town) dust time come rise rest prove spirit never dies farewell i've gone take throne weep 'cause labor love turn away (don't turn away) warriors built town (this town) turn away (don't turn away) warriors built town (this town) dust [guitar solo] turn away (don't turn away) warriors built town (this town) turn away (don't turn away) warriors built town (this town) dust
16,16,0.774,0.626,3,-4.432,0,0.0432,0.0969,3.12e-05,0.0848,0.777,100.041,audio_features,spotify:track:4iLqG9SeJSnt0cSPICSjxv,https://api.spotify.com/v1/tracks/4iLqG9SeJSnt0cSPICSjxv,https://api.spotify.com/v1/audio-analysis/4iLqG9SeJSnt0cSPICSjxv,211475,4,Attention,Charlie Puth,Attention,4iLqG9SeJSnt0cSPICSjxv,spotify:artist:6VuMaDnrHyPL1p4EHjYLi7,"['dance pop', 'pop', 'viral pop']","[""[Intro]\nWoah-oh, hm-hmm\n\n[Verse 1]\nYou've been runnin' 'round, runnin' 'round, runnin' 'round\nThrowin' that dirt all on my name\n'Cause you knew that I, knew that I, knew that I'd call you up\nYou've been going 'round, going 'round, going 'round\nEvery party in LA\n'Cause you knew that I, knew that I, knew that I'd be at one, oh\n\n[Pre-Chorus]\nI know that dress is karma, perfume regret\nYou got me thinking 'bout when you were mine, ooh\nAnd now I'm all up on ya, what you expect?\nBut you're not coming home with me tonight\n\n[Chorus]\nYou just want attention, you don't want my heart\nMaybe you just hate the thought of me with someone new\nYeah, you just want attention, I knew from the start\nYou're just making sure I'm never gettin' over you, oh\n\n[Verse 2]\nYou've been runnin' 'round, runnin' 'round, runnin' 'round\nThrowin' that dirt all on my name\n'Cause you knew that I, knew that I, knew that I'd call you up\nBaby, now that we're, now that we're, now that we're\nRight here standin' face to face\nYou already know, 'ready know, 'ready know\nThat you won, oh\n\n[Pre-Chorus]\nI know that dress is karma (Dress is karma), perfume regret, yeah\nYou got me thinking 'bout when you were mine, ooh\n(You got me thinking 'bout when you were mine)\nAnd now I'm all up on ya (All up on ya), what you expect? (Oh, baby)\nBut you're not coming home with me tonight, oh no\n\n[Chorus]\nYou just want attention, you don't want my heart\nMaybe you just hate the thought of me with someone new (One new)\nYeah, you just want attention (Oh), I knew from the start (The start)\nYou're just making sure I'm never gettin' over you (Over you), oh\n\n[Bridge]\nWhat are you doin' to me?\nWhat are you doin', huh? (What are you doin'?)\nWhat are you doin' to me?\nWhat are you doin', huh? (What are you doin'?)\nWhat are you doin' to me?\nWhat are you doin', huh? (What are you doin'?)\nWhat are you doin' to me?\nWhat are you doin', huh?\n\n[Pre-Chorus]\nI know that dress is karma, perfume regret\nYou got me thinking 'bout when you were mine\nAnd now I'm all up on ya, what you expect?\nBut you're not coming home with me tonight\n\n[Chorus]\nYou just want attention, you don't want my heart\nMaybe you just hate the thought of me with someone new\nYeah, you just want attention, I knew from the start\nYou're just making sure I'm never gettin' over you (Over you)\n\n[Outro]\nWhat are you doin' to me? (Hey)\nWhat are you doin', huh? (What are you doin', love?)\nWhat are you doin' to me?\nWhat are you doin', huh? (Yeah, you just want attention)\nWhat are you doin' to me? (I knew from the start)\nWhat are you doin' huh? (You're just making sure I'm never gettin' over you)\nWhat are you doin' to me?\nWhat are you doin', huh?""]",2017-04-20,woah-oh hm-hmm runnin' 'round runnin' 'round runnin' 'round throwin' dirt name 'cause knew knew knew i'd call going 'round going 'round going 'round every party la 'cause knew knew knew i'd one oh know dress karma perfume regret got thinking 'bout mine ooh i'm ya expect? coming home tonight want attention want heart maybe hate thought someone new yeah want attention knew start making sure i'm never gettin' oh runnin' 'round runnin' 'round runnin' 'round throwin' dirt name 'cause knew knew knew i'd call baby we're we're we're right standin' face face already know 'ready know 'ready know oh know dress karma (dress karma) perfume regret yeah got thinking 'bout mine ooh (you got thinking 'bout mine) i'm ya (all ya) expect? (oh baby) coming home tonight oh want attention want heart maybe hate thought someone new (one new) yeah want attention (oh) knew start (the start) making sure i'm never gettin' (over you) oh doin' me? doin' huh? (what doin'?) doin' me? doin' huh? (what doin'?) doin' me? doin' huh? (what doin'?) doin' me? doin' huh? know dress karma perfume regret got thinking 'bout mine i'm ya expect? coming home tonight want attention want heart maybe hate thought someone new yeah want attention knew start making sure i'm never gettin' (over you) doin' me? (hey) doin' huh? (what doin' love?) doin' me? doin' huh? (yeah want attention) doin' me? (i knew start) doin' huh? (you're making sure i'm never gettin' you) doin' me? doin' huh?
17,17,0.656,0.777,2,-7.272,1,0.0639,0.0145,0.531,0.0889,0.384,139.996,audio_features,spotify:track:1cGqqROuQQGQ2VF2tBihYv,https://api.spotify.com/v1/tracks/1cGqqROuQQGQ2VF2tBihYv,https://api.spotify.com/v1/audio-analysis/1cGqqROuQQGQ2VF2tBihYv,221138,4,Insight,Haywyre,Insight,1cGqqROuQQGQ2VF2tBihYv,spotify:artist:7aUSp5cOZlwEtd5zPC795k,"['canadian electronic', 'complextro', 'edm', 'electro house', 'future bass', 'gaming edm', 'vapor twitch']","['Everything is outside of our understanding\nEverything is outside of our understanding\nEverything is outside of our understanding\nEverything, everything\n\nEverything is outside of our understanding\nEverything is outside of our understanding\nEverything is outside of our understanding\nEverything, everything\n\nEverything\nEverything\nEverything\nEverything']",2015-01-23,everything outside understanding everything outside understanding everything outside understanding everything everything everything outside understanding everything outside understanding everything outside understanding everything everything everything everything everything everything
18,18,0.276,0.796,0,-4.499,1,0.0579,0.00293,0.0,0.184,0.26,199.526,audio_features,spotify:track:2CgOd0Lj5MuvOqzqdaAXtS,https://api.spotify.com/v1/tracks/2CgOd0Lj5MuvOqzqdaAXtS,https://api.spotify.com/v1/audio-analysis/2CgOd0Lj5MuvOqzqdaAXtS,218965,4,Shelter,Porter Robinson,Shelter,2CgOd0Lj5MuvOqzqdaAXtS,spotify:artist:3dz0NnIZhtKKeXZxLOxCam,"['complextro', 'edm', 'future bass', 'progressive electro house']","[""[Intro: Amy Millan]\nAyy, I will, ayy\nAyy, I will, ahh, hum huh\nAyy, I will, ayy, it's-\nI wonder, I wonder, I wonder, I wonder\nAyy, I will, ayy, it's-\nAyy, I will, ahh, hum huh\nAyy, I will, ayy, it's-\nI wonder, I wonder, I wonder, I wonder\n\n[Chorus: Amy Millan]\nAyy, I will, ayy, it's-\nAyy, I will, ahh, hum huh\nAyy, I will, ayy, it's-\nI wonder, I wonder, I wonder, I wonder\nAyy, I will, ayy, it's-\nAyy, I will, ahh, hum huh\nAyy, I will, ayy\nI wonder, I wonder, I wonder, I wonder\n\n[Verse 1: Madeon]\nI could never find the right way to tell you\nHave you noticed I've been gone?\n'Cause I left behind the home that you made me\nBut I will carry it along\n\n[Pre-Chorus: Madeon]\nMm, it's a long way forward, so trust in me\nI'll give them shelter, like you've done for me\nAnd I know I'm not alone, you'll be watching over us\nUntil you're gone\n\n[Chorus: Amy Millan]\nAyy, I will, ayy, it's-\nAyy, I will, ahh, hum huh\nAyy, I will, ayy, it's-\nI wonder, I wonder, I wonder, I wonder\nAyy, I will, ayy, it's-\nAyy, I will, ahh, hum huh\nAyy, I will, ayy, it's-\nI wonder, I wonder, I wonder\nAyy, I will, ayy, it's-\nAyy, I will, ahh, hum huh\nAyy, I will, ayy, it's-\nI wonder, I wonder, I wonder, I wonder\nAyy, I will, ayy, it's-\nAyy, I will, ahh, hum huh\nAyy, I will, ayy, it's-\nI wonder, I wonder, I wonder, I wonder\n\n[Verse 2: Madeon]\nWhen I'm older, I'll be silent beside you\nI know words won't be enough\nAnd they won't need to know our names or our faces\nBut they will carry on for us\n\n[Pre-Chorus: Madeon]\nMm, it's a long way forward, so trust in me\nI'll give them shelter, like you've done for me\nAnd I know I'm not alone, you'll be watching over us\nUntil you're gone\n\n[Chorus: Amy Millan]\nAyy, I will, ayy\nAyy, I will, ahh, hum huh\nAyy, I will, ayy, it's-\nI wonder, I wonder, I wonder, I wonder\nAyy, I will, ayy\nAyy, I will, ahh, hum huh\nAyy, I will, ayy\nAyy, I will, ayy, it's-\nAyy, I will, ahh, hum huh\nAyy, I will, ayy, it's-\nI wonder, I wonder, I wonder, I wonder\nAyy, I will, ayy, it's-\nAyy, I will, ahh, hum huh\nAyy, I will, ayy, it's\nI wonder, I wonder, I wonder\n\n[Outro: Madeon]\nOh it's a long way forward, trust in me\nI'll give them shelter, like you've done for me\nAnd I know I'm not alone, you'll be watching over us\nUntil...""]",2016-08-12,ayy ayy ayy ahh hum huh ayy ayy it's- wonder wonder wonder wonder ayy ayy it's- ayy ahh hum huh ayy ayy it's- wonder wonder wonder wonder ayy ayy it's- ayy ahh hum huh ayy ayy it's- wonder wonder wonder wonder ayy ayy it's- ayy ahh hum huh ayy ayy wonder wonder wonder wonder could never find right way tell noticed i've gone? 'cause left behind home made carry along mm long way forward trust i'll give shelter like done know i'm alone watching us gone ayy ayy it's- ayy ahh hum huh ayy ayy it's- wonder wonder wonder wonder ayy ayy it's- ayy ahh hum huh ayy ayy it's- wonder wonder wonder ayy ayy it's- ayy ahh hum huh ayy ayy it's- wonder wonder wonder wonder ayy ayy it's- ayy ahh hum huh ayy ayy it's- wonder wonder wonder wonder i'm older i'll silent beside know words enough need know names faces carry us mm long way forward trust i'll give shelter like done know i'm alone watching us gone ayy ayy ayy ahh hum huh ayy ayy it's- wonder wonder wonder wonder ayy ayy ayy ahh hum huh ayy ayy ayy ayy it's- ayy ahh hum huh ayy ayy it's- wonder wonder wonder wonder ayy ayy it's- ayy ahh hum huh ayy ayy wonder wonder wonder oh long way forward trust i'll give shelter like done know i'm alone watching us until...
19,19,0.658,0.678,1,-4.407,1,0.058,0.303,0.0,0.361,0.662,97.976,audio_features,spotify:track:5yFSF6qQA1rcLsQRnBsZgb,https://api.spotify.com/v1/tracks/5yFSF6qQA1rcLsQRnBsZgb,https://api.spotify.com/v1/audio-analysis/5yFSF6qQA1rcLsQRnBsZgb,199111,4,All Falls Down (feat. Juliander),Alan Walker,All Falls Down (feat. Juliander),5yFSF6qQA1rcLsQRnBsZgb,spotify:artist:7vk5e3vY1uw9plTHJAMwjN,['electro house'],"[""What's the trick? I wish I knew\nI'm so done with thinking through all the things I could've been\nAnd I know you want me, too\nAll it takes is that one look at you and I run right back to you\nYou cross that line and it's time to say F you\nWhat's the point in saying that when you know how I'll react?\n\nYou think you can just take it back, but shit just don't work like that\nYou're the drug that I'm addicted to, and I want you so bad\nGuess I'm stuck with you, and that's that\n'Cause when it all falls down, then whatever\nWhen it don't work out for the better\nIf it just ain't right, and it's time to say goodbye\n\nWhen it all falls down, when it all falls down\nI'll be fine\nI'll be fine\nYou're the drug that I'm addicted to\nAnd I want you so bad, but I'll be fine\nWhy we fight? I don't know\n\nWе say what hurts the most\nOh, I tried staying cold, but you take it pеrsonal\nAll these firing shots and making ground\nIt's way too hard to cope, but I still can't let you go\n'Cause when it all falls down, then whatever\nWhen it don't work out for the better\n\nIf it just ain't right, and it's time to say goodbye\nWhen it all falls down, when it all falls down\nI'll be fine\nI'll be fine\nYou're the drug that I'm addicted to and I want you so bad\nBut I'll be fine\n\nI'll be fine, fine, fine\nFine, fine, fine, fine, fine\nI'll be fine, fine, fine\nFine, fine, fine, fine, fine\nI'll be fine, fine, fine\nFine, fine, fine, fine, fine\n\nI'll be fine, fine, fine\nFine, fine, fine, fine, fine\n'Cause when it all falls down, then whatever (Then whatever, babe)\nWhen it don't work out for the better (For the better)\nIf it just ain't right, and it's time to say goodbye\nWhen it all falls down (When it all, when it all)\n\nWhen it all falls down (When it all falls down)\nI'll be fine\n(Fine, fine, fine) I'll be fine (I'll be fine)\nYou're the drug that I'm addicted to and I want you so bad\nBut I'll be fine (I'll be fine), and that's that""]",2017-10-27,what's trick? wish knew i'm done thinking things could've know want takes one look run right back cross line time say f what's point saying know i'll react? think take back shit work like drug i'm addicted want bad guess i'm stuck that's 'cause falls whatever work better ain't right time say goodbye falls falls i'll fine i'll fine drug i'm addicted want bad i'll fine fight? know wе say hurts oh tried staying cold take pеrsonal firing shots making ground way hard cope still can't let go 'cause falls whatever work better ain't right time say goodbye falls falls i'll fine i'll fine drug i'm addicted want bad i'll fine i'll fine fine fine fine fine fine fine fine i'll fine fine fine fine fine fine fine fine i'll fine fine fine fine fine fine fine fine i'll fine fine fine fine fine fine fine fine 'cause falls whatever (then whatever babe) work better (for better) ain't right time say goodbye falls (when all) falls (when falls down) i'll fine (fine fine fine) i'll fine (i'll fine) drug i'm addicted want bad i'll fine (i'll fine) that's
20,20,0.724,0.804,11,-4.614,0,0.0448,0.124,0.0,0.204,0.306,124.987,audio_features,spotify:track:0tBbt8CrmxbjRP0pueQkyU,https://api.spotify.com/v1/tracks/0tBbt8CrmxbjRP0pueQkyU,https://api.spotify.com/v1/audio-analysis/0tBbt8CrmxbjRP0pueQkyU,197993,4,Wolves,Selena Gomez,Wolves,0tBbt8CrmxbjRP0pueQkyU,spotify:artist:0C8ZW7ezQVs4URX5aX7Kqx,"['dance pop', 'pop', 'post-teen pop']","[""[Verse 1]\nIn your eyes, there's a heavy blue\nOne to love, and one to lose\nSweet divine, a heavy truth\nWater or wine, don't make me choose\n\n[Pre-Chorus]\nI wanna feel the way that we did that summer night, night\nDrunk on a feeling, alone with the stars in the sky\n\n[Chorus]\nI've been running through the jungle\nI've been running with the wolves\nTo get to you, to get to you\nI've been down the darkest alleys\nSaw the dark side of the moon\nTo get to you, to get to you\nI've looked for love in every stranger\nTook too much to ease the anger\nAll for you, yeah, all for you\nI've been running through the jungle\nI've been crying with the wolves\nTo get to you, to get to you, to get to you\n\n[Drop]\nTo get to you\nTo get to you\n\n[Verse 2]\nYour fingertips trace my skin\nTo places I have never been\nBlindly, I am following\nBreak down these walls and come on in\n\n[Pre-Chorus]\nI wanna feel the way that we did that summer night, night\nDrunk on a feeling, alone with the stars in the sky\n\n[Chorus]\nI've been running through the jungle\nI've been running with the wolves\nTo get to you, to get to you\nI've been down the darkest alleys\nSaw the dark side of the moon\nTo get to you, to get to you\nI've looked for love in every stranger\nTook too much to ease the anger\nAll for you, yeah, all for you\nI've been running through the jungle\nI've been crying with the wolves\nTo get to you, to get to you, to get to you\n\n[Drop]\nTo get to you\nTo get to you\n\n[Chorus]\nI've been running through the jungle\nI've been running with the wolves\nTo get to you, to get to you\nI've been down the darkest alleys\nSaw the dark side of the moon\nTo get to you, to get to you\nI've looked for love in every stranger\nTook too much to ease the anger\nAll for you, yeah, all for you\nI've been running through the jungle\nI've been crying with the wolves\nTo get to you, to get to you, to get to you""]",2017-10-25,eyes there's heavy blue one love one lose sweet divine heavy truth water wine make choose wanna feel way summer night night drunk feeling alone stars sky i've running jungle i've running wolves get get i've darkest alleys saw dark side moon get get i've looked love every stranger took much ease anger yeah i've running jungle i've crying wolves get get get [drop] get get fingertips trace skin places never blindly following break walls come wanna feel way summer night night drunk feeling alone stars sky i've running jungle i've running wolves get get i've darkest alleys saw dark side moon get get i've looked love every stranger took much ease anger yeah i've running jungle i've crying wolves get get get [drop] get get i've running jungle i've running wolves get get i've darkest alleys saw dark side moon get get i've looked love every stranger took much ease anger yeah i've running jungle i've crying wolves get get get
21,21,0.792,0.612,5,-5.212,0,0.0693,0.0805,3.83e-06,0.0852,0.42,109.959,audio_features,spotify:track:4nYsmWkuTaowTMy4gskmBw,https://api.spotify.com/v1/tracks/4nYsmWkuTaowTMy4gskmBw,https://api.spotify.com/v1/audio-analysis/4nYsmWkuTaowTMy4gskmBw,199849,4,What Lovers Do (feat. SZA),Maroon 5,Red Pill Blues (Deluxe),4nYsmWkuTaowTMy4gskmBw,spotify:artist:04gDigrS5kc9YWfZHwBETP,"['pop', 'pop rock']","[""[Verse 1: Adam Levine]\nSay say say, hey hey now, baby\nOh mama, don't play now, baby\nSay say say, hey hey now, baby\nSaid let's get one thing straight now, baby\n\n[Pre-Chorus: Adam Levine]\nTell me, tell me if you love me or not\nLove me or not, love me or not\nI'll bet the house on you, am I lucky or not\nLucky or not, lucky or not?\nYou gotta tell me if you love me or not\nLove me or not, love me or not\nBeen wishin' for you, am I lucky or not\nLucky or not, lucky or not?\n\n[Chorus: Adam Levine]\nOoh-ooh-ooh-ooh-ooh\nBeen wishin' for you\nOoh, ooh\nTryna do what lovers do, ooh\nOoh-ooh-ooh-ooh-ooh\nBeen wishin' for you\nOoh, ooh\nTryna do what lovers do, ooh\n\n[Verse 2: SZA &amp; Adam Levine]\nSay say say, hey hey now, baby\nYou gon' make me hit you with that laydown, baby (Oh)\nOh, say say say, hey hey now, baby\nYou know what I need, out the gate now, baby (Oh, oh)\n\n[Pre-Chorus: Adam Levine &amp; SZA]\nTell me, tell me if you love me or not\nLove me or not, love me or not (Na-na-na)\nI'll bet the house on you, am I lucky or not\nLucky or not, lucky or not? (Na-na)\nYou gotta tell me if you love me or not\nLove me or not, love me or not (Oh yeah)\nBeen wishin' for you, am I lucky or not\nLucky or not, lucky or not?\n\n[Chorus: Adam Levine &amp; SZA]\nOoh-ooh-ooh-ooh-ooh\nBeen wishin' for you\nOoh, ooh\nTryna do what lovers do, ooh\nOoh-ooh-ooh-ooh-ooh\nBeen wishin' for you (Wishin')\nOoh, ooh\nTryna do what lovers do, ooh\n\n[Refrain: Adam Levine &amp; SZA]\n(Hey yeah) What lovers do (Oh, oh-oh)\nWhat lovers do (Mmm, na-na-na, hey yeah)\nWhat lovers do (Oh, mmm, na-na-na, oh-oh, yeah)\n\n[Bridge: Adam Levine &amp; SZA]\nAren't we too grown for games?\nAren't we too grown to play around?\nYoung enough to chase\nBut old enough to know better\nAre we too grown for changin'?\nAre we too grown to mess around? Yeah\nOoh, and I can't wait forever, baby\nBoth of us should know better\n\n[Chorus: Adam Levine &amp; SZA]\nOoh-ooh-ooh-ooh-ooh\nBeen wishin' for you\nOoh, ooh\nTryna do what lovers do, ooh\nOoh-ooh-ooh-ooh-ooh\nBeen wishin' for you\nOoh, ooh\nTryna do what lovers do, ooh\nOoh-ooh-ooh-ooh-ooh\nBeen wishin' for you (You, oh yeah)\nOoh, ooh (Ooh)\nTryna do what lovers do, ooh (Tryna do what lovers do)\nOoh-ooh-ooh-ooh-ooh\nBeen wishin' for you (Been wishin' for love)\nOoh, ooh\nTryna do what lovers do, ooh (Do, ah)\nOoh-ooh-ooh-ooh-ooh\nBeen wishin' for you (Tryna do)\nOoh, ooh\nTryna do what lovers do, ooh""]",2017-11-03,say say say hey hey baby oh mama play baby say say say hey hey baby said let's get one thing straight baby tell tell love love love i'll bet house lucky lucky lucky not? gotta tell love love love wishin' lucky lucky lucky not? ooh-ooh-ooh-ooh-ooh wishin' ooh ooh tryna lovers ooh ooh-ooh-ooh-ooh-ooh wishin' ooh ooh tryna lovers ooh say say say hey hey baby gon' make hit laydown baby (oh) oh say say say hey hey baby know need gate baby (oh oh) tell tell love love love (na-na-na) i'll bet house lucky lucky lucky not? (na-na) gotta tell love love love (oh yeah) wishin' lucky lucky lucky not? ooh-ooh-ooh-ooh-ooh wishin' ooh ooh tryna lovers ooh ooh-ooh-ooh-ooh-ooh wishin' (wishin') ooh ooh tryna lovers ooh [refrain: adam levine &amp; sza] (hey yeah) lovers (oh oh-oh) lovers (mmm na-na-na hey yeah) lovers (oh mmm na-na-na oh-oh yeah) grown games? grown play around? young enough chase old enough know better grown changin'? grown mess around? yeah ooh can't wait forever baby us know better ooh-ooh-ooh-ooh-ooh wishin' ooh ooh tryna lovers ooh ooh-ooh-ooh-ooh-ooh wishin' ooh ooh tryna lovers ooh ooh-ooh-ooh-ooh-ooh wishin' (you oh yeah) ooh ooh (ooh) tryna lovers ooh (tryna lovers do) ooh-ooh-ooh-ooh-ooh wishin' (been wishin' love) ooh ooh tryna lovers ooh (do ah) ooh-ooh-ooh-ooh-ooh wishin' (tryna do) ooh ooh tryna lovers ooh
22,22,0.849,0.581,1,-5.243,0,0.0767,0.189,3.61e-06,0.0805,0.779,110.008,audio_features,spotify:track:32DGGj6KlNuBr6WaqRxpxi,https://api.spotify.com/v1/tracks/32DGGj6KlNuBr6WaqRxpxi,https://api.spotify.com/v1/audio-analysis/32DGGj6KlNuBr6WaqRxpxi,198237,4,How Long,Charlie Puth,How Long,32DGGj6KlNuBr6WaqRxpxi,spotify:artist:6VuMaDnrHyPL1p4EHjYLi7,"['dance pop', 'pop', 'viral pop']","['[Intro]\nAlright\nWhoa, oh, yeah\n\n[Verse 1]\nI\'ll admit, I was wrong, what else can I say, girl?\nCan\'t you blame my head and not my heart?\nI was drunk, I was gone, that don\'t make it right, but\nPromise there were no feelings involved, no\n\n[Pre-Chorus]\nShe said, ""Boy, tell me honestly\nWas it real or just for show?"" Yeah\nShe said, ""Save your apologies”\nBaby, I just gotta know\n\n[Chorus]\nHow long has this been goin\' on?\nYou\'ve been creepin\' \'round on me\nWhile you\'re callin\' me ""baby""\nHow long has this been goin\' on?\nYou\'ve been actin\' so shady (Shady)\nI\'ve been feelin\' it lately, baby\n\n[Post-Chorus]\nOoh-ooh (Yeah)\nOoh-ooh (Uh-uh)\nOoh-ooh-oh\n\n[Verse 2]\nI\'ll admit (I\'ll admit), it\'s my fault (My fault)\nBut you gotta believe me\nWhen I say it only happened once, mmm\nI try (I try), and I try (I try), but you\'ll never see that\nYou\'re the only one I wanna love, oh, yeah\n\n[Pre-Chorus]\nShe said ""Boy, tell me honestly (Honestly, yeah)\nWas it real or just for show?"" Yeah (Is it just for show?)\nShe said, ""Save your apologies"" (Apologies, yeah)\nBaby, I just gotta know\n\n[Chorus]\nHow long has this been goin\' on?\nYou\'ve been creepin\' \'round on me (On me)\nWhile you\'re callin\' me ""baby"" (Baby)\nHow long has this been goin\' on?\nYou\'ve been actin\' so shady (Shady)\nI\'ve been feelin\' it lately, baby"" (Baby)\n\n[Post-Chorus]\nOoh-ooh (Yeah)\nOoh-ooh (Uh-uh)\nOoh-ooh-oh\nHow long has it been goin\' on, baby?\nOoh-ooh (Woo)\nOoh-ooh, you gotta go tell me now\nOoh-ooh-oh\n\n[Pre-Chorus]\nShe said, ""Boy, tell me honestly\nWas it real or just for show?"" Yeah\nShe said, ""Save your apologies""\nBaby, I just gotta know\n\n[Chorus]\nHow long has this been goin\' on? (On, on)\nAnd you been creepin\' \'round on me (On me)\nWhile you\'re callin\' me ""baby"" (Baby)\nHow long has this been goin\' on?\nYou\'ve been actin\' so shady (Shady)\nI\'ve been feelin\' it lately, baby""\n\n[Post-Chorus]\n(Ooh-ooh, yeah) How long has this been goin\' on?\n(Ooh, uh-uh) You\'ve been creepin\' \'round on me (Yeah)\n(Ooh-ooh-oh) How long has it been goin\' on, baby? Oh\n(Ooh-ooh) How long has this been goin\' on? (Ooh, uh-uh)\n(You gotta go tell me now) (Ooh-ooh-oh)\nYou\'ve been actin\' so shady (Shady)\nI\'ve been feelin\' it lately, baby']",2017-10-05,"alright whoa oh yeah i'll admit wrong else say girl? can't blame head heart? drunk gone make right promise feelings involved said ""boy tell honestly real show?"" yeah said ""save apologies” baby gotta know long goin' on? creepin' 'round callin' ""baby"" long goin' on? actin' shady (shady) i've feelin' lately baby ooh-ooh (yeah) ooh-ooh (uh-uh) ooh-ooh-oh i'll admit (i'll admit) fault (my fault) gotta believe say happened mmm try (i try) try (i try) never see one wanna love oh yeah said ""boy tell honestly (honestly yeah) real show?"" yeah (is show?) said ""save apologies"" (apologies yeah) baby gotta know long goin' on? creepin' 'round (on me) callin' ""baby"" (baby) long goin' on? actin' shady (shady) i've feelin' lately baby"" (baby) ooh-ooh (yeah) ooh-ooh (uh-uh) ooh-ooh-oh long goin' baby? ooh-ooh (woo) ooh-ooh gotta go tell ooh-ooh-oh said ""boy tell honestly real show?"" yeah said ""save apologies"" baby gotta know long goin' on? (on on) creepin' 'round (on me) callin' ""baby"" (baby) long goin' on? actin' shady (shady) i've feelin' lately baby"" (ooh-ooh yeah) long goin' on? (ooh uh-uh) creepin' 'round (yeah) (ooh-ooh-oh) long goin' baby? oh (ooh-ooh) long goin' on? (ooh uh-uh) (you gotta go tell now) (ooh-ooh-oh) actin' shady (shady) i've feelin' lately baby"
23,23,0.651,0.76,7,-3.377,1,0.054,0.351,0.0,0.151,0.673,96.204,audio_features,spotify:track:2IQB5iBapo0Y37Yc0PtIZc,https://api.spotify.com/v1/tracks/2IQB5iBapo0Y37Yc0PtIZc,https://api.spotify.com/v1/audio-analysis/2IQB5iBapo0Y37Yc0PtIZc,141875,4,Contact,Lulleaux,Contact,2IQB5iBapo0Y37Yc0PtIZc,spotify:artist:6bA8L82JXU9CQa2nyUnLDh,"['deep tropical house', 'pop edm', 'tropical house']","[""[Verse 1]\nBaby, your touch is more than enough\nTo make me lose my mind\nYou got me so distracted thinking of you\nHoney, all the time\nAnd I need to feel your skin on mine\nWe are just two of a kind\nFeel the beat of my heart\nFirst a look, then a spark from a second\n\n[Pre-Chorus]\nWhen we make contact boy\nIt's a chain reaction\nIt's a physical-chemical interaction\nWhen we combine, feel the satisfaction\nDeep inside my soul\n\n[Chorus]\nWhen we make contact boy\nFeel the heat increase\nAnd my mind's racing\nGot me weak in the knees\nAnd the air gets thin\nI can barely breathe\nWhen you make contact with me\n\n[Verse 2]\nI can kiss you right there\nNice and slow\nWe can take our time\nTell me what you want, boy\nI'll do anything, make you feel alright\nAnd I need to feel your skin on mine\nWe are just two of a kind\nFeel the beat of my heart\nFirst a look, then a spark from a second\n\n[Pre-Chorus]\nWhen we make contact boy\nIt's a chain reaction\nIt's a physical-chemical interaction\nWhen we combine feel the satisfaction\nDeep inside my soul\n\n[Chorus]\nWhen we make contact boy\nFeel the heat increase\nAnd my mind's racing\nGot me weak in the knees\nAnd the air gets thin\nI can barely breathe\nWhen you make contact with me\n\n[Post-Chorus]\nWhen we make contact\nWhen we make contact boy\nWhen we make contact\nWhen we make contact boy\n\n[Pre-Chorus]\nWhen we make contact boy\nIt's a chain reaction\nIt's a physical-chemical interaction\nWhen we combine feel the satisfaction\nDeep inside my soul\n\n[Chorus]\nWhen we make contact boy\nFeel the heat increase\nAnd my mind's racing\nGot me weak in the knees\nAnd the air gets thin\nI can barely breathe\nWhen you make contact with me""]",2017-08-18,baby touch enough make lose mind got distracted thinking honey time need feel skin mine two kind feel beat heart first look spark second make contact boy chain reaction physical-chemical interaction combine feel satisfaction deep inside soul make contact boy feel heat increase mind's racing got weak knees air gets thin barely breathe make contact kiss right nice slow take time tell want boy i'll anything make feel alright need feel skin mine two kind feel beat heart first look spark second make contact boy chain reaction physical-chemical interaction combine feel satisfaction deep inside soul make contact boy feel heat increase mind's racing got weak knees air gets thin barely breathe make contact make contact make contact boy make contact make contact boy make contact boy chain reaction physical-chemical interaction combine feel satisfaction deep inside soul make contact boy feel heat increase mind's racing got weak knees air gets thin barely breathe make contact
24,24,0.664,0.708,8,-4.154,1,0.0474,0.0337,0.0,0.0841,0.742,103.07,audio_features,spotify:track:5Gu0PDLN4YJeW75PpBSg9p,https://api.spotify.com/v1/tracks/5Gu0PDLN4YJeW75PpBSg9p,https://api.spotify.com/v1/audio-analysis/5Gu0PDLN4YJeW75PpBSg9p,174800,4,"Let Me Go (with Alesso, Florida Georgia Line & watt)",Hailee Steinfeld,"Let Me Go (with Alesso, Florida Georgia Line & watt)",5Gu0PDLN4YJeW75PpBSg9p,spotify:artist:5p7f24Rk5HkUZsaS3BLG5F,"['dance pop', 'pop', 'post-teen pop']",[''],2017-09-08,Error: No lyrics found
25,25,0.551,0.711,10,-6.672,0,0.0506,0.128,4.43e-06,0.105,0.329,128.029,audio_features,spotify:track:20MJH6bpRcOPOLTs7WJhVH,https://api.spotify.com/v1/tracks/20MJH6bpRcOPOLTs7WJhVH,https://api.spotify.com/v1/audio-analysis/20MJH6bpRcOPOLTs7WJhVH,239533,4,Gold,Years & Years,Communion (Deluxe),20MJH6bpRcOPOLTs7WJhVH,spotify:artist:5vBSrE1xujD2FXYRarbAXc,"['dance pop', 'edm', 'electropop', 'gauze pop', 'pop', 'pop dance', 'tropical house', 'uk pop']","[""[Verse 1]\nAm I defined, oh, by the way they look at me?\nWill I be tried?\nOh, will they take what I believe?\n\n[Pre-Chorus]\nI shiver on a one, I breathe for two\nI give you what you want\nI bend the truth\nAnd everything's aflame, it's all aglow\nI know that I can play that game\n\n[Chorus]\nI'll fool them all\n(Oh-oh-oh-oh-oh-oh-oh, like gold)\nLet it lead me astray\n(Oh-oh-oh-oh-oh-oh-oh, like gold)\nLet it take me away\nAnd if I turn my back and I leave it all\nAnd I'll be running fast, 'cause I can't be owned\nOh-oh-oh-oh-oh, like gold\n\n[Verse 2]\nDo I belong?\nOh, I see it start to fade\nTeach them a song, oh\nNow I feel I've been betrayed\n\n[Pre-Chorus]\nI shiver on a one, I breathe for two\nI give you what you want\nI bend the truth\nAnd everything's aflame, it's all aglow\nI know that I can play that game\n\n[Chorus]\nI'll fool them all\n(Oh-oh-oh-oh-oh-oh-oh, like gold)\nLet it lead me astray\n(Oh-oh-oh-oh-oh-oh-oh, like gold)\nLet it take me away\nAnd if I turn my back and I leave it all\nAnd I'll be running fast, 'cause I can't be owned\nOh-oh-oh-oh-oh, like gold\n\n[Bridge]\nEverything is brighter now\nIt shimmers like a stone\nAnd everything surrounds you now\nIt's you and you alone\n\n[Chorus]\nOh-oh-oh-oh-oh-oh-oh, like gold\nOh-oh-oh-oh-oh-oh-oh, like gold\nAnd if I turn my back and I leave it all\nAnd I'll be running fast, 'cause I can't be owned\nOh-oh-oh-oh-oh, like gold\n\n[Outro]\n(Oh-oh-oh-oh-oh, like gold)\nI'm gonna be the one who sets it all alight\nAnd I'm gonna be the one who sets it all alight\n(Oh-oh-oh-oh-oh, like gold)\nAnd I'm gonna be the one who sets it all alight\nAnd I'm gonna be the one who sets it all alight""]",2015-06-22,defined oh way look me? tried? oh take believe? shiver one breathe two give want bend truth everything's aflame aglow know play game i'll fool (oh-oh-oh-oh-oh-oh-oh like gold) let lead astray (oh-oh-oh-oh-oh-oh-oh like gold) let take away turn back leave i'll running fast 'cause can't owned oh-oh-oh-oh-oh like gold belong? oh see start fade teach song oh feel i've betrayed shiver one breathe two give want bend truth everything's aflame aglow know play game i'll fool (oh-oh-oh-oh-oh-oh-oh like gold) let lead astray (oh-oh-oh-oh-oh-oh-oh like gold) let take away turn back leave i'll running fast 'cause can't owned oh-oh-oh-oh-oh like gold everything brighter shimmers like stone everything surrounds alone oh-oh-oh-oh-oh-oh-oh like gold oh-oh-oh-oh-oh-oh-oh like gold turn back leave i'll running fast 'cause can't owned oh-oh-oh-oh-oh like gold (oh-oh-oh-oh-oh like gold) i'm gonna one sets alight i'm gonna one sets alight (oh-oh-oh-oh-oh like gold) i'm gonna one sets alight i'm gonna one sets alight
