danceability,energy,key,loudness,mode,speechiness,acousticness,instrumentalness,liveness,valence,tempo,type,uri,track_href,analysis_url,duration_ms,time_signature,song_name,artist,album,id,artist_uri,genres,lyrics,popularity,release_date,lyrics_filtered,genres_encoded
0.526,0.883,1,-4.335,0,0.035,0.000764,0.0,0.37,0.538,126.968,audio_features,spotify:track:5aaQ3Zl5rloIZ5TSWd0fVk,https://api.spotify.com/v1/tracks/5aaQ3Zl5rloIZ5TSWd0fVk,https://api.spotify.com/v1/audio-analysis/5aaQ3Zl5rloIZ5TSWd0fVk,280453,4,Hello,Official HIGE DANdism,Hello,5aaQ3Zl5rloIZ5TSWd0fVk,spotify:artist:5Vo1hnCRmCM6M4thZCInCj,"['anime', 'anime rock', 'j-pop']",[''],31.0,2020-07-24,Error: No lyrics found,"[2110, 4774, 5757]"
0.396,0.801,4,-4.673,1,0.035,0.023,0.0,0.138,0.366,159.769,audio_features,spotify:track:6SPHV1xXhT8ppQwVyVJF3x,https://api.spotify.com/v1/tracks/6SPHV1xXhT8ppQwVyVJF3x,https://api.spotify.com/v1/audio-analysis/6SPHV1xXhT8ppQwVyVJF3x,350300,4,Laughter,Official HIGE DANdism,Laughter,6SPHV1xXhT8ppQwVyVJF3x,spotify:artist:5Vo1hnCRmCM6M4thZCInCj,"['anime', 'anime rock', 'j-pop']",['Official髭男dism「Laughter」の歌詞\n\n鏡の中を覗いても\u3000羽根ひとつも見つからないけど\n空を待ち焦がれた\u3000鳥の急かすような囀りが聞こえる\n鉄格子みたいな街を抜け出す事に決めたよ\u3000今\nそれを引き留める言葉も\u3000気持ちだけ受け取るよ\u3000どうも有難う\n\n失うものや\u3000諦めるものは\u3000確かにどれも輝いて見えるけど\n秤にかけた\u3000自分で選んだ\u3000悔やむ権利も捨て去ってた\n\n翼は動きますか？\u3000本当に飛べますか？\nYesもNoも言わずに真っ直ぐに空を見てた\n鳥の名前はラフター\u3000ケージを壊した\nYesでもNoでもなくて\u3000飛びたいとはしゃいでる声だけで\n膝を抱えた昨日までの自分を\u3000乗り越えたラフター\u3000今日も歌い続けた\n自分自身に勝利を告げるための歌\n\n本当の正しさってものを\u3000風の強さに問い詰められて\n行くべき道を逸れて\u3000他の鳥の航路へ迷い込むこともある\n乱気流の中でさざめく\u3000光の粒を探して\u3000ほら\nたとえ紛い物だったとしても\u3000自分にとっての正しさを\n創造してみるよ\u3000大事にするよ\n\n人格者ではなく\u3000成功者でもなく\u3000いつでも今を誇れる人で在りたい\nそんな希望抱き\u3000未来図を描き\u3000手放さず生きていたいだけ\n\n現実は見えますか？\u3000保証は出来ますか？\nYesもNoも言えずに答えに詰まっていた過去を\n背に乗せたラフター\u3000予想を覆した\nゴールや距離ではなくて\u3000絶えず響いてた声こそが\n孤独な夜にサーチライトにしてた\u3000あの光だった\u3000今やっと気付いた\n\n前例のない大雨に\u3000傘も意味を為さない\u3000それでも胸は熱くなって\n海鳴りよりも強く\u3000稲妻よりも速く\u3000羽ばたいて前途を目指して\n\n翼は動きますか？\u3000本当に飛べますか？\nYesもNoも言わずに真っ直ぐに空を見てた\n鳥の名前はラフター\u3000ケージを壊した\nYesでもNoでもなくて\u3000飛びたいとはしゃいでる声だけで\n膝を抱えた昨日までの自分を\u3000乗り越えたラフター\u3000今日も歌い続けた\n自分自身に勝利を告げるための歌'],40.0,2020-07-10,official髭男dism「laughter」の歌詞 鏡の中を覗いても 羽根ひとつも見つからないけど 空を待ち焦がれた 鳥の急かすような囀りが聞こえる 鉄格子みたいな街を抜け出す事に決めたよ 今 それを引き留める言葉も 気持ちだけ受け取るよ どうも有難う 失うものや 諦めるものは 確かにどれも輝いて見えるけど 秤にかけた 自分で選んだ 悔やむ権利も捨て去ってた 翼は動きますか？ 本当に飛べますか？ yesもnoも言わずに真っ直ぐに空を見てた 鳥の名前はラフター ケージを壊した yesでもnoでもなくて 飛びたいとはしゃいでる声だけで 膝を抱えた昨日までの自分を 乗り越えたラフター 今日も歌い続けた 自分自身に勝利を告げるための歌 本当の正しさってものを 風の強さに問い詰められて 行くべき道を逸れて 他の鳥の航路へ迷い込むこともある 乱気流の中でさざめく 光の粒を探して ほら たとえ紛い物だったとしても 自分にとっての正しさを 創造してみるよ 大事にするよ 人格者ではなく 成功者でもなく いつでも今を誇れる人で在りたい そんな希望抱き 未来図を描き 手放さず生きていたいだけ 現実は見えますか？ 保証は出来ますか？ yesもnoも言えずに答えに詰まっていた過去を 背に乗せたラフター 予想を覆した ゴールや距離ではなくて 絶えず響いてた声こそが 孤独な夜にサーチライトにしてた あの光だった 今やっと気付いた 前例のない大雨に 傘も意味を為さない それでも胸は熱くなって 海鳴りよりも強く 稲妻よりも速く 羽ばたいて前途を目指して 翼は動きますか？ 本当に飛べますか？ yesもnoも言わずに真っ直ぐに空を見てた 鳥の名前はラフター ケージを壊した yesでもnoでもなくて 飛びたいとはしゃいでる声だけで 膝を抱えた昨日までの自分を 乗り越えたラフター 今日も歌い続けた 自分自身に勝利を告げるための歌,"[2110, 4774, 5757]"
0.564,0.765,0,-5.484,0,0.0328,0.00175,0.0,0.332,0.353,124.013,audio_features,spotify:track:2Hf4Sanxd3qxDYZJXIeygh,https://api.spotify.com/v1/tracks/2Hf4Sanxd3qxDYZJXIeygh,https://api.spotify.com/v1/audio-analysis/2Hf4Sanxd3qxDYZJXIeygh,301060,4,Parabola,Official HIGE DANdism,Parabola,2Hf4Sanxd3qxDYZJXIeygh,spotify:artist:5Vo1hnCRmCM6M4thZCInCj,"['anime', 'anime rock', 'j-pop']",['\u200bOfficial髭男dism「パラボラ」の歌詞\n\nダンボールだらけから幕開けた日々は\n想像よりも少しだけ忙しく過ぎていってる\n\n片づくことを知らないこの部屋はなんだか\n他の誰かの暮らしから借りてきたみたいだ\n\nまっさらなノートの上\n一文字目を書き出すようにして\n期待感と不安感が混ざったインクに浸した心で\n\n互い違いに歩き出した僕の両足は\nどんな未来のアスファルト踏みしめていくんだろう\n\n靴底を擦り減らしてドアの向こう側\nまだ遠くて不確かでぼやけてる理想像も\n追い越すような軌跡を描いてみせるよ\nいつかきっと\nいつかきっと\n\n思い違いだらけのメチャクチャな過去を\n振り返るたび未熟さにむず痒くなるけど\n\n定規で書いたような将来の雛形を知らぬ強さに\n何故だか僕らは不可思議に救われたりする\n\n暗いへやに鳴り響いた誰かの鼻歌\n声ですぐにわかったよずっとここにいたんだろ\n\n君が僕に歌い継いだいつかのララルラ\n胸ポケットで密かに呼吸をしている夢ならば\n必ず僕がちゃんと叶えておくよ\n固い誓いを\n今たてよう\n\n互い違いに歩き出した僕の両足は\nどんな未来のアスファルト踏みしめていくんだろう\n\n靴底を擦り減らしてドアの向こう側\nまだ遠くて不確かでぼやけてる理想像も\n追い越すような軌跡を描いていけるよ\n\nそして遥か先をゆく\nどっかの僕が迷わないように\n眩い光放ってみせるよ\nいつかきっと\nいつかきっと'],34.0,2020-04-10,​official髭男dism「パラボラ」の歌詞 ダンボールだらけから幕開けた日々は 想像よりも少しだけ忙しく過ぎていってる 片づくことを知らないこの部屋はなんだか 他の誰かの暮らしから借りてきたみたいだ まっさらなノートの上 一文字目を書き出すようにして 期待感と不安感が混ざったインクに浸した心で 互い違いに歩き出した僕の両足は どんな未来のアスファルト踏みしめていくんだろう 靴底を擦り減らしてドアの向こう側 まだ遠くて不確かでぼやけてる理想像も 追い越すような軌跡を描いてみせるよ いつかきっと いつかきっと 思い違いだらけのメチャクチャな過去を 振り返るたび未熟さにむず痒くなるけど 定規で書いたような将来の雛形を知らぬ強さに 何故だか僕らは不可思議に救われたりする 暗いへやに鳴り響いた誰かの鼻歌 声ですぐにわかったよずっとここにいたんだろ 君が僕に歌い継いだいつかのララルラ 胸ポケットで密かに呼吸をしている夢ならば 必ず僕がちゃんと叶えておくよ 固い誓いを 今たてよう 互い違いに歩き出した僕の両足は どんな未来のアスファルト踏みしめていくんだろう 靴底を擦り減らしてドアの向こう側 まだ遠くて不確かでぼやけてる理想像も 追い越すような軌跡を描いていけるよ そして遥か先をゆく どっかの僕が迷わないように 眩い光放ってみせるよ いつかきっと いつかきっと,"[2110, 4774, 5757]"
0.516,0.791,3,-1.927,1,0.0318,0.00345,0.0,0.141,0.48,96.921,audio_features,spotify:track:278JqkBGkjDovOYAwE8TW7,https://api.spotify.com/v1/tracks/278JqkBGkjDovOYAwE8TW7,https://api.spotify.com/v1/audio-analysis/278JqkBGkjDovOYAwE8TW7,324633,4,115万キロのフィルム,Official HIGE DANdism,エスカパレード,278JqkBGkjDovOYAwE8TW7,spotify:artist:5Vo1hnCRmCM6M4thZCInCj,"['anime', 'anime rock', 'j-pop']",[''],76.0,2018-04-11,Error: No lyrics found,"[2110, 4774, 5757]"
0.67,0.874,8,-5.221,1,0.0305,0.00231,1.72e-05,0.3,0.789,130.041,audio_features,spotify:track:3dPtXHP0oXQ4HCWHsOA9js,https://api.spotify.com/v1/tracks/3dPtXHP0oXQ4HCWHsOA9js,https://api.spotify.com/v1/audio-analysis/3dPtXHP0oXQ4HCWHsOA9js,261013,4,夜に駆ける,YOASOBI,夜に駆ける,3dPtXHP0oXQ4HCWHsOA9js,spotify:artist:64tJ2EAv1R6UaZqc4iOCyj,"['j-pop', 'japanese teen pop']",[None],79.0,2019-12-15,Error: No lyrics found,"[5757, 246]"
0.686,0.902,0,-2.657,0,0.034,0.0591,0.0,0.333,0.901,130.02,audio_features,spotify:track:7HneEBTvTra2CRYsxgMOAi,https://api.spotify.com/v1/tracks/7HneEBTvTra2CRYsxgMOAi,https://api.spotify.com/v1/audio-analysis/7HneEBTvTra2CRYsxgMOAi,198000,4,ハルジオン,YOASOBI,ハルジオン,7HneEBTvTra2CRYsxgMOAi,spotify:artist:64tJ2EAv1R6UaZqc4iOCyj,"['j-pop', 'japanese teen pop']",[None],69.0,2020-05-11,Error: No lyrics found,"[5757, 246]"
0.537,0.793,8,-3.446,1,0.04,0.217,0.000361,0.143,0.73,180.029,audio_features,spotify:track:4BE1OloRc9xwjyqA4wFFuN,https://api.spotify.com/v1/tracks/4BE1OloRc9xwjyqA4wFFuN,https://api.spotify.com/v1/audio-analysis/4BE1OloRc9xwjyqA4wFFuN,242667,4,あの夢をなぞって,YOASOBI,あの夢をなぞって,4BE1OloRc9xwjyqA4wFFuN,spotify:artist:64tJ2EAv1R6UaZqc4iOCyj,"['j-pop', 'japanese teen pop']",[None],72.0,2020-01-18,Error: No lyrics found,"[5757, 246]"
0.645,0.656,2,-6.745,1,0.0247,0.761,0.408,0.194,0.613,110.039,audio_features,spotify:track:1mcXApk7PDpUTdJDKdqc4e,https://api.spotify.com/v1/tracks/1mcXApk7PDpUTdJDKdqc4e,https://api.spotify.com/v1/audio-analysis/1mcXApk7PDpUTdJDKdqc4e,299816,4,パレード,ヨルシカ,パレード,1mcXApk7PDpUTdJDKdqc4e,spotify:artist:4UK2Lzi6fBfUi9rpDt6cik,['j-pop'],[None],39.0,2019-04-10,Error: No lyrics found,[5757]
0.661,0.446,4,-6.808,1,0.046,0.696,0.0,0.0761,0.46,89.961,audio_features,spotify:track:53maoOKr6j04iqk6qjdvQN,https://api.spotify.com/v1/tracks/53maoOKr6j04iqk6qjdvQN,https://api.spotify.com/v1/audio-analysis/53maoOKr6j04iqk6qjdvQN,240120,4,花に亡霊,ヨルシカ,花に亡霊,53maoOKr6j04iqk6qjdvQN,spotify:artist:4UK2Lzi6fBfUi9rpDt6cik,['j-pop'],[None],61.0,2020-04-22,Error: No lyrics found,[5757]
0.675,0.959,7,-1.754,1,0.0835,0.00893,8.48e-05,0.325,0.835,134.017,audio_features,spotify:track:22sQUmLhT8umlEhQzDrzfJ,https://api.spotify.com/v1/tracks/22sQUmLhT8umlEhQzDrzfJ,https://api.spotify.com/v1/audio-analysis/22sQUmLhT8umlEhQzDrzfJ,191625,4,第六感,Reol,第六感,22sQUmLhT8umlEhQzDrzfJ,spotify:artist:7rpKUJ0AnklJ8q9nIPVSpZ,"['anime rock', 'japanese electropop']",[None],65.0,2020-07-27,Error: No lyrics found,"[4774, 876]"
0.502,0.874,1,-5.981,0,0.0677,0.0933,0.000173,0.0638,0.884,199.751,audio_features,spotify:track:5pZVsZ8TOGly1KnYFmZ61B,https://api.spotify.com/v1/tracks/5pZVsZ8TOGly1KnYFmZ61B,https://api.spotify.com/v1/audio-analysis/5pZVsZ8TOGly1KnYFmZ61B,243903,4,No title,Reol,No title-,5pZVsZ8TOGly1KnYFmZ61B,spotify:artist:7rpKUJ0AnklJ8q9nIPVSpZ,"['anime rock', 'japanese electropop']","['[REOL「No title」羅馬拼音歌詞]\n\n[Verse 1]\nZutto yume miteta boku ni nareta kana\nTou ni kaerenai toko made kita mitai\nJibun no ashi de nidan tobashite\nSou motto saki he kakete ikeru\nHazu dakara ran away\n\nFukaku naru kizu wo nuiitsuke\nTsunagu pasu jiku ni mawari dasu\nNareta itami aseru kokyuu to biito\nKizukanai furishite mata hitori\n\n[Pre-Chorus]\nNani ga seitou? nai na eigou\nDare ga machigatta taika harau no\nAnta ga kirai na aitsu wa kitto\nTada ""sore dake"" de fuse ikai nanda\n\nReiten datte teigen shitatte\nZenzen nattoku dekinai riyuu mo\nSaizenzen wa itsu datte koko datta\nSaizensaku wa saisho kara nakatta\n\n[Chorus]\nYuruyaka ni kuzure kowareteku\nYururi yururi kubi wo shimeru you ni\nKinou made no boku ga korosarete iku\n\nYuruyaka ni hanare banare aku\nGurarinri kimi ni kikoeru no wa\nBoku ga shiranai koe ni natteku\n\n[Verse 2]\nOsanai koro kara\nKitsuitara soba ni ita\nMarude kuuki no you da\nBoku wa kimi to gyutto te wo tsunaide\n\nTanoshii koto mo namida mo\nBoku wa kimi ni hanashite kikaseta\nBoku wo warau hito yakenasu koe ga\nKikoe nai youni kimi wa utatta\n\n[Pre-Chorus]\nKono koe wo kimi ga jushin\nMata yogoto touei sareteku urei\nTsuka sute datte itte kusatte mo\nTomaranai haifai, tsaitogaisuto\n\nIsshuu meguru mano tatta isshun dake demo\nMaji waru kodou oto tsunagu iro\nTsugi wa boku ga kimi ni utautau kara\n\n[Chorus x2]\n\n[Verse 3]\nItsuka  kimi ni todoku kana\nIya sonna hiwa kitto konai darou na\nKoe mo karada mo motanu kimi ni\nSukuwareta nan oku ni no hitori\n\nAka ao awase iro dotta\nOto de sekai ga afureta\nMeguri meguri de atta kono oto wo kiku\nSubete ga "" ""\n\n[Chorus]']",62.0,2016-03-18,"[reol「no title」羅馬拼音歌詞] zutto yume miteta boku ni nareta kana tou ni kaerenai toko made kita mitai jibun ashi de nidan tobashite sou motto saki kakete ikeru hazu dakara ran away fukaku naru kizu wo nuiitsuke tsunagu pasu jiku ni mawari dasu nareta itami aseru kokyuu biito kizukanai furishite mata hitori nani ga seitou? nai na eigou dare ga machigatta taika harau anta ga kirai na aitsu wa kitto tada ""sore dake"" de fuse ikai nanda reiten datte teigen shitatte zenzen nattoku dekinai riyuu mo saizenzen wa itsu datte koko datta saizensaku wa saisho kara nakatta yuruyaka ni kuzure kowareteku yururi yururi kubi wo shimeru ni kinou made boku ga korosarete iku yuruyaka ni hanare banare aku gurarinri kimi ni kikoeru wa boku ga shiranai koe ni natteku osanai koro kara kitsuitara soba ni ita marude kuuki da boku wa kimi gyutto te wo tsunaide tanoshii koto mo namida mo boku wa kimi ni hanashite kikaseta boku wo warau hito yakenasu koe ga kikoe nai youni kimi wa utatta kono koe wo kimi ga jushin mata yogoto touei sareteku urei tsuka sute datte itte kusatte mo tomaranai haifai tsaitogaisuto isshuu meguru mano tatta isshun dake demo maji waru kodou oto tsunagu iro tsugi wa boku ga kimi ni utautau kara [chorus x2] itsuka kimi ni todoku kana iya sonna hiwa kitto konai darou na koe mo karada mo motanu kimi ni sukuwareta nan oku ni hitori aka ao awase iro dotta oto de sekai ga afureta meguri meguri de atta kono oto wo kiku subete ga "" "" [chorus]","[4774, 876]"
0.591,0.624,9,-5.926,1,0.0335,0.297,0.0,0.127,0.335,91.891,audio_features,spotify:track:6Dmxt4rbi97c7sjoWRrJoj,https://api.spotify.com/v1/tracks/6Dmxt4rbi97c7sjoWRrJoj,https://api.spotify.com/v1/audio-analysis/6Dmxt4rbi97c7sjoWRrJoj,284480,4,帰ろう,Fujii Kaze,HELP EVER HURT NEVER,6Dmxt4rbi97c7sjoWRrJoj,spotify:artist:6bDWAcdtVR3WHz2xtiIPUi,"['j-pop', 'japanese teen pop']",[None],64.0,2020-05-20,Error: No lyrics found,"[5757, 246]"
0.425,0.939,2,-3.498,1,0.054,0.00361,0.0,0.331,0.638,150.015,audio_features,spotify:track:5vsHrZWigs6aoWKjFZx3AL,https://api.spotify.com/v1/tracks/5vsHrZWigs6aoWKjFZx3AL,https://api.spotify.com/v1/audio-analysis/5vsHrZWigs6aoWKjFZx3AL,224806,4,怪獣の花唄,Vaundy,strobo,5vsHrZWigs6aoWKjFZx3AL,spotify:artist:2IUl3m1H1EQ7QfNbNWvgru,"['j-pop', 'japanese soul']",[None],0.0,2020-05-27,Error: No lyrics found,"[5757, 1224]"
0.69,0.815,11,-5.227,0,0.0426,0.0157,2.85e-06,0.0636,0.613,94.032,audio_features,spotify:track:65e5PmFI3cqoLEJYF3TfCG,https://api.spotify.com/v1/tracks/65e5PmFI3cqoLEJYF3TfCG,https://api.spotify.com/v1/audio-analysis/65e5PmFI3cqoLEJYF3TfCG,200243,4,不可幸力,Vaundy,strobo,65e5PmFI3cqoLEJYF3TfCG,spotify:artist:2IUl3m1H1EQ7QfNbNWvgru,"['j-pop', 'japanese soul']",[None],1.0,2020-05-27,Error: No lyrics found,"[5757, 1224]"
0.628,0.634,2,-5.508,1,0.0322,0.00255,7.24e-06,0.0456,0.606,97.99,audio_features,spotify:track:6etVkKF8FAy4jXcSl8jlEO,https://api.spotify.com/v1/tracks/6etVkKF8FAy4jXcSl8jlEO,https://api.spotify.com/v1/audio-analysis/6etVkKF8FAy4jXcSl8jlEO,258859,4,東京フラッシュ,Vaundy,strobo,6etVkKF8FAy4jXcSl8jlEO,spotify:artist:2IUl3m1H1EQ7QfNbNWvgru,"['j-pop', 'japanese soul']",[None],0.0,2020-05-27,Error: No lyrics found,"[5757, 1224]"
0.583,0.627,1,-5.842,1,0.201,0.185,0.0,0.159,0.805,172.016,audio_features,spotify:track:6uUtmCz8XXep7n1QmC1jJG,https://api.spotify.com/v1/tracks/6uUtmCz8XXep7n1QmC1jJG,https://api.spotify.com/v1/audio-analysis/6uUtmCz8XXep7n1QmC1jJG,185379,4,snow jam,Rin音,swipe sheep,6uUtmCz8XXep7n1QmC1jJG,spotify:artist:2sd5k8N8cAOm6Q8OCcePw4,"['j-pop', 'japanese pop rap', 'japanese teen pop']",[''],61.0,2020-06-10,Error: No lyrics found,"[5757, 5721, 246]"
0.527,0.819,2,-4.64,1,0.0324,0.000964,0.0,0.214,0.412,112.017,audio_features,spotify:track:76L8IRx5VDCbthzFB0RQuF,https://api.spotify.com/v1/tracks/76L8IRx5VDCbthzFB0RQuF,https://api.spotify.com/v1/audio-analysis/76L8IRx5VDCbthzFB0RQuF,283017,3,僕らが強く。,DISH//,僕らが強く。,76L8IRx5VDCbthzFB0RQuF,spotify:artist:0jJmZHZHNe8n24Y33z5Nil,"['anime', 'j-division', 'j-pop']",[None],0.0,2020-08-12,Error: No lyrics found,"[2110, 2417, 5757]"
0.541,0.885,10,-3.832,1,0.0444,0.018,0.0,0.219,0.467,129.95,audio_features,spotify:track:3hrplYBqjpNFQrdoOgRAPV,https://api.spotify.com/v1/tracks/3hrplYBqjpNFQrdoOgRAPV,https://api.spotify.com/v1/audio-analysis/3hrplYBqjpNFQrdoOgRAPV,279194,4,Aurora,BUMP OF CHICKEN,aurora arc,3hrplYBqjpNFQrdoOgRAPV,spotify:artist:0hSFeqPehe7FtCNWuQ6Bsy,"['j-pop', 'j-rock']",['\u200bBUMP OF CHICKEN「Aurora」歌詞\n\nもうきっと多分大丈夫\u3000どこが痛いか分かったからね\n自分で涙拾えたら\u3000いつか魔法に変えられる\n\nほんの少し忘れていたね\u3000とても長かった\u3000ほんの少し\nお日様がない時は\u3000クレヨンで世界に創り出したでしょう\n\n正義の味方には見つけて貰えなかった類\n探しに行かなくちゃ\u3000呼び合い続けた\u3000あの声だよ\n\n溜め息にもなれなかった\u3000名前さえ持たない思いが\n心の一番奥の方\u3000爪を立てて\u3000堪えていたんだ\n触れて確かめられたら\u3000形と音が分かるよ\n伝えたい言葉はいつだって\u3000そうやって見つけてきた\n\n振り返れば途切れずに\u3000歪な線を描く足跡\n悲しいくらい分かりやすく\u3000いつもここに向けて伸びる\n\n大切にするのは下手でも\u3000大切だって事は分かっている\nせめてその白い手紙が\u3000正しく届きますように\n\n考え過ぎじゃないよ\u3000そういう闇の中にいて\n勇気の眼差しで\u3000次の足場を探しているだけ\n\n解き放て\u3000あなたの声で\u3000光る羽根与えた思いを\nその足が向かうべき先へ\u3000そうしなきゃ見えなかった未来へ\n諦めなかった事を\u3000誰よりも知っているのは\n羽ばたいた言葉のひとつひとつ\u3000必ず届きますように\n\nもう一度\u3000もう一度\u3000クレヨンで\u3000好きなように\nもう一度\u3000さあどうぞ\u3000好きな色で\u3000透明に\nもう一度\u3000もう一度\u3000クレヨンで\u3000この世界に\n今こそ\u3000さあどうぞ\u3000魔法に変えられる\n\nああ、なぜ、どうして、と繰り返して\u3000それでも続けてきただろう\n心の一番奥の方\u3000涙は炎\u3000向き合う時が来た\n触れて確かめられたら\u3000形と音をくれるよ\nあなたの言葉がいつだって\u3000あなたを探してきた\n\nそうやって見つけてきた'],54.0,2019-07-10,​bump chicken「aurora」歌詞 もうきっと多分大丈夫 どこが痛いか分かったからね 自分で涙拾えたら いつか魔法に変えられる ほんの少し忘れていたね とても長かった ほんの少し お日様がない時は クレヨンで世界に創り出したでしょう 正義の味方には見つけて貰えなかった類 探しに行かなくちゃ 呼び合い続けた あの声だよ 溜め息にもなれなかった 名前さえ持たない思いが 心の一番奥の方 爪を立てて 堪えていたんだ 触れて確かめられたら 形と音が分かるよ 伝えたい言葉はいつだって そうやって見つけてきた 振り返れば途切れずに 歪な線を描く足跡 悲しいくらい分かりやすく いつもここに向けて伸びる 大切にするのは下手でも 大切だって事は分かっている せめてその白い手紙が 正しく届きますように 考え過ぎじゃないよ そういう闇の中にいて 勇気の眼差しで 次の足場を探しているだけ 解き放て あなたの声で 光る羽根与えた思いを その足が向かうべき先へ そうしなきゃ見えなかった未来へ 諦めなかった事を 誰よりも知っているのは 羽ばたいた言葉のひとつひとつ 必ず届きますように もう一度 もう一度 クレヨンで 好きなように もう一度 さあどうぞ 好きな色で 透明に もう一度 もう一度 クレヨンで この世界に 今こそ さあどうぞ 魔法に変えられる ああ、なぜ、どうして、と繰り返して それでも続けてきただろう 心の一番奥の方 涙は炎 向き合う時が来た 触れて確かめられたら 形と音をくれるよ あなたの言葉がいつだって あなたを探してきた そうやって見つけてきた,"[5757, 1560]"
0.538,0.869,8,-3.464,1,0.0275,0.047,0.0,0.14,0.369,91.972,audio_features,spotify:track:15HNdxGKNCIO9pgaY4n7FU,https://api.spotify.com/v1/tracks/15HNdxGKNCIO9pgaY4n7FU,https://api.spotify.com/v1/audio-analysis/15HNdxGKNCIO9pgaY4n7FU,326843,4,Pretender,Official HIGE DANdism,Traveler,15HNdxGKNCIO9pgaY4n7FU,spotify:artist:5Vo1hnCRmCM6M4thZCInCj,"['anime', 'anime rock', 'j-pop']",['[\u200bOfficial髭男dism「Pretender」歌詞]\n\n[ヴァース1]\n君とのラブストーリー\nそれは予想通り\nいざ始まればひとり芝居だ\nずっとそばにいたって\n結局ただの観客だ\n\n[ヴァース2]\n感情のないアイムソーリー\nそれはいつも通り\n慣れてしまえば悪くはないけど\n君とのロマンスは人生柄\n続きはしないことを知った\n\n[プリコーラス]\nもっと違う設定で\u3000もっと違う関係で\n出会える世界線\u3000選べたらよかった\nもっと違う性格で\u3000もっと違う価値観で\n愛を伝えられたらいいな\nそう願っても無駄だから\n\n[コーラス]\nグッバイ\n君の運命のヒトは僕じゃない\n辛いけど否めない\u3000でも離れ難いのさ\nその髪に触れただけで\u3000痛いや\u3000いやでも\n甘いな\u3000いやいや\nグッバイ\nそれじゃ僕にとって君は何？\n答えは分からない\u3000分かりたくもないのさ\nたったひとつ確かなことがあるとするのならば\n「君は綺麗だ」\n\n[ヴァース3]\n誰かが偉そうに\u3000語る恋愛の論理\n何ひとつとしてピンとこなくて\n飛行機の窓から見下ろした\n知らない街の夜景みたいだ\n\n[プレコーラス]\nもっと違う設定で\u3000もっと違う関係で\n出会える世界線\u3000選べたらよかった\nいたって純な心で\u3000叶った恋を抱きしめて\n「好きだ」とか無責任に言えたらいいな\nそう願っても虚しいのさ\n\n[コーラス]\nグッバイ\n繋いだ手の向こうにエンドライン\n引き伸ばすたびに\u3000疼きだす未来には\n君はいない\u3000その事実に Cry…\nそりゃ苦しいよな\n\n[器楽ブリッジ]\n\n[コーラス]\nグッバイ\n君の運命のヒトは僕じゃない\n辛いけど否めない\u3000でも離れ難いのさ\nその髪に触れただけで\u3000痛いや\u3000いやでも\u3000甘いな\u3000いやいや\nグッバイ\nそれじゃ僕にとって君は何？\n答えは分からない\u3000分かりたくもないのさ\nたったひとつ確かなことがあるとするのならば\n「君は綺麗だ」\n\n[アウトロ]\nそれもこれもロマンスの定めなら\n悪くないよな\n永遠も約束もないけれど\n「とても綺麗だ」'],63.0,2019-08-31,[​official髭男dism「pretender」歌詞] [ヴァース1] 君とのラブストーリー それは予想通り いざ始まればひとり芝居だ ずっとそばにいたって 結局ただの観客だ [ヴァース2] 感情のないアイムソーリー それはいつも通り 慣れてしまえば悪くはないけど 君とのロマンスは人生柄 続きはしないことを知った [プリコーラス] もっと違う設定で もっと違う関係で 出会える世界線 選べたらよかった もっと違う性格で もっと違う価値観で 愛を伝えられたらいいな そう願っても無駄だから [コーラス] グッバイ 君の運命のヒトは僕じゃない 辛いけど否めない でも離れ難いのさ その髪に触れただけで 痛いや いやでも 甘いな いやいや グッバイ それじゃ僕にとって君は何？ 答えは分からない 分かりたくもないのさ たったひとつ確かなことがあるとするのならば 「君は綺麗だ」 [ヴァース3] 誰かが偉そうに 語る恋愛の論理 何ひとつとしてピンとこなくて 飛行機の窓から見下ろした 知らない街の夜景みたいだ [プレコーラス] もっと違う設定で もっと違う関係で 出会える世界線 選べたらよかった いたって純な心で 叶った恋を抱きしめて 「好きだ」とか無責任に言えたらいいな そう願っても虚しいのさ [コーラス] グッバイ 繋いだ手の向こうにエンドライン 引き伸ばすたびに 疼きだす未来には 君はいない その事実に cry… そりゃ苦しいよな [器楽ブリッジ] [コーラス] グッバイ 君の運命のヒトは僕じゃない 辛いけど否めない でも離れ難いのさ その髪に触れただけで 痛いや いやでも 甘いな いやいや グッバイ それじゃ僕にとって君は何？ 答えは分からない 分かりたくもないのさ たったひとつ確かなことがあるとするのならば 「君は綺麗だ」 [アウトロ] それもこれもロマンスの定めなら 悪くないよな 永遠も約束もないけれど 「とても綺麗だ」,"[2110, 4774, 5757]"
0.547,0.577,5,-6.087,1,0.0336,0.0152,0.0,0.109,0.494,164.032,audio_features,spotify:track:0XaHPBAzPAC5ubwcRBqc1p,https://api.spotify.com/v1/tracks/0XaHPBAzPAC5ubwcRBqc1p,https://api.spotify.com/v1/audio-analysis/0XaHPBAzPAC5ubwcRBqc1p,280856,4,Shukumei,Official HIGE DANdism,Traveler,0XaHPBAzPAC5ubwcRBqc1p,spotify:artist:5Vo1hnCRmCM6M4thZCInCj,"['anime', 'anime rock', 'j-pop']",['Official髭男dism「宿命」歌詞\n\n心臓からあふれ出した声で\n歌うメロディ\u3000振り向いた未来\n君から\u3000あふれ出した声と\n合わさって響いた\u3000群青の空の下\n\n夢じゃない\u3000夢じゃない\u3000涙の足跡\n嘘じゃない\u3000嘘じゃない\u3000泥だらけの笑顔\n夢じゃない\u3000夢じゃない\u3000肩を組んで叫びたい\n僕らの想い\u3000届け！\n\n奇跡じゃなくていい\u3000美しくなくていい\n生きがいってやつが光輝くから\n切れないバッテリー\u3000魂の限り\n宿命ってやつを燃やして\u3000暴れ出すだけなんだ\n\n沈黙が続いたイヤフォン\n自分の弱さに遠ざかってく未来\n「大丈夫」や「頑張れ」って歌詞に\n苛立ってしまった\u3000そんな夜もあった\n\n夢じゃない\u3000夢じゃない\u3000あの日の悔しさと\n忘れない\u3000忘れない\u3000掌の爪痕\n無駄じゃない\u3000無駄じゃない\u3000それも全て讃えたい\nもうあと少し\n\n願いの熱さに\u3000汗まみれになったり\n期待背負って立って\u3000重さに臆病になるけど\n僕らの背番号\u3000それは背中じゃなく\u3000瞳の奥のアンサー\n重なって\u3000照らし合ってくFOREVER\n\n緊張から不安が芽生えて\n根を張るみたいに\u3000僕らを支配する\nそんなものに負けてたまるかと\n今\u3000宿命ってやつを燃やして\u3000暴れ出す\n\n届け！\n奇跡じゃなくていい\u3000美しくなくていい\n生きがいってやつが光輝くから\n切れないバッテリー\u3000魂の限り\n宿命ってやつを燃やして\u3000暴れ出すだけなんだ\n\nただ宿命ってやつをかざして\u3000立ち向かうだけなんだ'],52.0,2019-08-31,official髭男dism「宿命」歌詞 心臓からあふれ出した声で 歌うメロディ 振り向いた未来 君から あふれ出した声と 合わさって響いた 群青の空の下 夢じゃない 夢じゃない 涙の足跡 嘘じゃない 嘘じゃない 泥だらけの笑顔 夢じゃない 夢じゃない 肩を組んで叫びたい 僕らの想い 届け！ 奇跡じゃなくていい 美しくなくていい 生きがいってやつが光輝くから 切れないバッテリー 魂の限り 宿命ってやつを燃やして 暴れ出すだけなんだ 沈黙が続いたイヤフォン 自分の弱さに遠ざかってく未来 「大丈夫」や「頑張れ」って歌詞に 苛立ってしまった そんな夜もあった 夢じゃない 夢じゃない あの日の悔しさと 忘れない 忘れない 掌の爪痕 無駄じゃない 無駄じゃない それも全て讃えたい もうあと少し 願いの熱さに 汗まみれになったり 期待背負って立って 重さに臆病になるけど 僕らの背番号 それは背中じゃなく 瞳の奥のアンサー 重なって 照らし合ってくforever 緊張から不安が芽生えて 根を張るみたいに 僕らを支配する そんなものに負けてたまるかと 今 宿命ってやつを燃やして 暴れ出す 届け！ 奇跡じゃなくていい 美しくなくていい 生きがいってやつが光輝くから 切れないバッテリー 魂の限り 宿命ってやつを燃やして 暴れ出すだけなんだ ただ宿命ってやつをかざして 立ち向かうだけなんだ,"[2110, 4774, 5757]"
0.675,0.5,10,-5.825,1,0.0258,0.3,0.0,0.337,0.773,93.917,audio_features,spotify:track:5v2xgL8y4XI0hi50cU574j,https://api.spotify.com/v1/tracks/5v2xgL8y4XI0hi50cU574j,https://api.spotify.com/v1/audio-analysis/5v2xgL8y4XI0hi50cU574j,232333,4,コイワズライ,Aimer,Sun Dance,5v2xgL8y4XI0hi50cU574j,spotify:artist:0bAsR2unSRpn6BQPEnNlZm,"['anime', 'anime rock', 'j-pixie', 'j-pop', 'j-poprock']",[None],28.0,2019-04-10,Error: No lyrics found,"[2110, 4774, 2847, 5757, 257]"
0.473,0.431,2,-8.172,1,0.0305,0.493,0.0,0.0752,0.283,143.862,audio_features,spotify:track:33w7LgNJIuhs5dhSYZ0do1,https://api.spotify.com/v1/tracks/33w7LgNJIuhs5dhSYZ0do1,https://api.spotify.com/v1/audio-analysis/33w7LgNJIuhs5dhSYZ0do1,255013,4,Departures 〜あなたにおくるアイの歌〜,EGOIST,Extra Terrestrial Biological Entities,33w7LgNJIuhs5dhSYZ0do1,spotify:artist:0k7JZhYS35IewiKNHW7KMj,"['anime', 'anime rock', 'j-poprock', 'otacore']",['Lyrics in romaji\nMou anata kara aisareru koto mo\nHitsuyou to sareru koto mo nai\nSoshite watashi ha kou shite hitoribocchi de\n\nAno toki anata ha nante itta no?\nTodokanai kotoba ha chuu wo mau\nWakatteru noni kyou mo shiteshimau\nKanawanu negai goto wo\n\nHanasanaide\n\nGyutto te wo nigitteite\nAnata to futari tsudzuku to itte\nTsunaida sono te ha atatakakute\nYasashikatta\n\nAnata ha itsumo sou yatte\nWatashi wo okorasete saigo ni nakasunda\nDakedo ato ni natte\nGomen ne tte iu\nSono kao suki datta\n\nHanasanaide\nGyutto sou omoikkiri\nAnata no ude wo naka ni itai\nFutari de odeko wo awasenagara\nNemuru no\n\nMou nido to ha aenai tte koto wo shitteta no?\n\nHanasanaide\nGyutto anata ga suki\nMou ichido datte warattekurenai no\nAnata no nukumori ga kiechau mae ni\nDakishimete\n\nKanji\nもうあなたから愛されることも\n必要とされることもない\nそして私はこうして一人ぼっちで\nあの時あなたはなんて言ったの?\n届かない言葉は宙を舞う\nわかってるのに今日もしてしまう\n叶わぬ願いごとを\n\n離さないで\nぎゅっと手を握っていて\nあなたと二人\u3000続くと言って\n繋いだその手は温かくて\n優しかった\n\nあなたはいつもそうやって私を\n怒らせて最後に泣かすんだ\nだけど後になって\nごめんねっていうその顔\n好きだった\n\n離さないで\nぎゅっと\u3000そう思いっきり\nあなたの腕の中にいたい\n二人でおでこをあわせながら\n眠るの\n\nもう二度とは会えないってことを知ってたの?\n\n離さないで\nぎゅっと\u3000あなたが好き\nもう一度だって笑ってくれないの\nあなたの温もりが消えちゃう前に\n抱きしめて'],55.0,2011,lyrics romaji mou anata kara aisareru koto mo hitsuyou sareru koto mo nai soshite watashi ha kou shite hitoribocchi de ano toki anata ha nante itta no? todokanai kotoba ha chuu wo mau wakatteru noni kyou mo shiteshimau kanawanu negai goto wo hanasanaide gyutto te wo nigitteite anata futari tsudzuku itte tsunaida sono te ha atatakakute yasashikatta anata ha itsumo sou yatte watashi wo okorasete saigo ni nakasunda dakedo ato ni natte gomen ne tte iu sono kao suki datta hanasanaide gyutto sou omoikkiri anata ude wo naka ni itai futari de odeko wo awasenagara nemuru mou nido ha aenai tte koto wo shitteta no? hanasanaide gyutto anata ga suki mou ichido datte warattekurenai anata nukumori ga kiechau mae ni dakishimete kanji もうあなたから愛されることも 必要とされることもない そして私はこうして一人ぼっちで あの時あなたはなんて言ったの? 届かない言葉は宙を舞う わかってるのに今日もしてしまう 叶わぬ願いごとを 離さないで ぎゅっと手を握っていて あなたと二人 続くと言って 繋いだその手は温かくて 優しかった あなたはいつもそうやって私を 怒らせて最後に泣かすんだ だけど後になって ごめんねっていうその顔 好きだった 離さないで ぎゅっと そう思いっきり あなたの腕の中にいたい 二人でおでこをあわせながら 眠るの もう二度とは会えないってことを知ってたの? 離さないで ぎゅっと あなたが好き もう一度だって笑ってくれないの あなたの温もりが消えちゃう前に 抱きしめて,"[2110, 4774, 257, 2683]"
0.48,0.965,2,-2.062,1,0.0754,0.000679,0.399,0.349,0.302,123.034,audio_features,spotify:track:4qPrY9JrP0sstNe3u2XaBJ,https://api.spotify.com/v1/tracks/4qPrY9JrP0sstNe3u2XaBJ,https://api.spotify.com/v1/audio-analysis/4qPrY9JrP0sstNe3u2XaBJ,226907,4,雨傘,Sheena Ringo,逆輸入 ~港湾局~,4qPrY9JrP0sstNe3u2XaBJ,spotify:artist:2XjqKvB2Xz9IdyjWPIHaXi,"['j-pop', 'j-rock']",[None],33.0,2014-05-27,Error: No lyrics found,"[5757, 1560]"
0.41,0.861,4,-2.358,1,0.0518,0.000256,0.0332,0.459,0.515,143.956,audio_features,spotify:track:7rWtdYFW5l5NlwocQKgoKM,https://api.spotify.com/v1/tracks/7rWtdYFW5l5NlwocQKgoKM,https://api.spotify.com/v1/audio-analysis/7rWtdYFW5l5NlwocQKgoKM,243347,4,カプチーノ,Sheena Ringo,逆輸入 ~港湾局~,7rWtdYFW5l5NlwocQKgoKM,spotify:artist:2XjqKvB2Xz9IdyjWPIHaXi,"['j-pop', 'j-rock']",[None],45.0,2014-05-27,Error: No lyrics found,"[5757, 1560]"
0.495,0.547,0,-5.591,1,0.0531,0.0277,0.00281,0.354,0.37,145.985,audio_features,spotify:track:63F1cWkR3NC13jXqhhjcfE,https://api.spotify.com/v1/tracks/63F1cWkR3NC13jXqhhjcfE,https://api.spotify.com/v1/audio-analysis/63F1cWkR3NC13jXqhhjcfE,318907,4,青春の瞬き,Sheena Ringo,逆輸入 ~港湾局~,63F1cWkR3NC13jXqhhjcfE,spotify:artist:2XjqKvB2Xz9IdyjWPIHaXi,"['j-pop', 'j-rock']",[None],39.0,2014-05-27,Error: No lyrics found,"[5757, 1560]"
0.733,0.872,9,-4.128,1,0.0315,0.071,0.000347,0.122,0.933,112.974,audio_features,spotify:track:7BQUNanrD8OYEDI7tF23Bp,https://api.spotify.com/v1/tracks/7BQUNanrD8OYEDI7tF23Bp,https://api.spotify.com/v1/audio-analysis/7BQUNanrD8OYEDI7tF23Bp,199453,4,プライベイト,Sheena Ringo,逆輸入 ~港湾局~,7BQUNanrD8OYEDI7tF23Bp,spotify:artist:2XjqKvB2Xz9IdyjWPIHaXi,"['j-pop', 'j-rock']",[None],25.0,2014-05-27,Error: No lyrics found,"[5757, 1560]"
0.21,0.935,4,-2.426,1,0.0815,0.00382,0.00282,0.205,0.323,172.465,audio_features,spotify:track:1rT1cJV3vz0510pBGpy8mw,https://api.spotify.com/v1/tracks/1rT1cJV3vz0510pBGpy8mw,https://api.spotify.com/v1/audio-analysis/1rT1cJV3vz0510pBGpy8mw,234240,4,NIPPON,Sheena Ringo,NIPPON,1rT1cJV3vz0510pBGpy8mw,spotify:artist:2XjqKvB2Xz9IdyjWPIHaXi,"['j-pop', 'j-rock']","[""Hurray! Hurray! Nipponbare  rettou kusaikire  appare\nCheers! Cheers! Iza shutsujin  warera  jidai no fuu'unji\n\nSaihate mezashite motte kita mono wa tada hitotsu\nKono chikyuujou de  ichiban\nMajirike no nai kedakai ao\nNani yori mo atsuku shizuka na honoo sa\n\nToki no koe ga kikoeteiru\nKizewashiku shukufuku shiteiru\nKyou made hare to ke no ourai ni\nTakuwaeta zaisan wo saa  tsukau toki\n\nSoukai na kibun dare mo ubaenai yo\nKoudai na uchuu tsunagatte ikunda\nShouhai wa tabun soko de matteiru\nSou  inochi ga hadaka ni naru basho de\n\nHonno tsui saki kangaeteita koto ga mou furukute\nSukoshi mo osaete irannai no\nKarada makase  toki wo oikose\nNani yori mo hayaku tashika ni ima wo kette\n\nAa mata fui ni sekkin shiteiru awai shi no nioi de\nKono shunkan ga nao issou  senmei ni haeteiru\nKizamikondeiru  ano yo e motte iku sa\nShijou no jinsei  shijou no zekkei\n\nOikaze ga fuiteiru  motto aotte tadaima wa\nKono chikyuujou de  ichiban\nMajirike no nai warera no honoo\nNani yori mo tada aoku moesakaru no sa""]",36.0,2014-06-11,hurray! hurray! nipponbare rettou kusaikire appare cheers! cheers! iza shutsujin warera jidai fuu'unji saihate mezashite motte kita mono wa tada hitotsu kono chikyuujou de ichiban majirike nai kedakai ao nani yori mo atsuku shizuka na honoo sa toki koe ga kikoeteiru kizewashiku shukufuku shiteiru kyou made hare ke ourai ni takuwaeta zaisan wo saa tsukau toki soukai na kibun dare mo ubaenai yo koudai na uchuu tsunagatte ikunda shouhai wa tabun soko de matteiru sou inochi ga hadaka ni naru basho de honno tsui saki kangaeteita koto ga mou furukute sukoshi mo osaete irannai karada makase toki wo oikose nani yori mo hayaku tashika ni ima wo kette aa mata fui ni sekkin shiteiru awai shi nioi de kono shunkan ga nao issou senmei ni haeteiru kizamikondeiru ano yo e motte iku sa shijou jinsei shijou zekkei oikaze ga fuiteiru motto aotte tadaima wa kono chikyuujou de ichiban majirike nai warera honoo nani yori mo tada aoku moesakaru sa,"[5757, 1560]"
0.614,0.788,2,-3.808,0,0.112,0.0567,0.0472,0.221,0.778,124.876,audio_features,spotify:track:4hWI3r78IDOhPXSHd2f0Az,https://api.spotify.com/v1/tracks/4hWI3r78IDOhPXSHd2f0Az,https://api.spotify.com/v1/audio-analysis/4hWI3r78IDOhPXSHd2f0Az,249547,4,長く短い祭,Sheena Ringo,長く短い祭 / 神様、仏様,4hWI3r78IDOhPXSHd2f0Az,spotify:artist:2XjqKvB2Xz9IdyjWPIHaXi,"['j-pop', 'j-rock']",[None],65.0,2015-07-31,Error: No lyrics found,"[5757, 1560]"
0.425,0.916,8,-2.909,1,0.118,0.113,0.000398,0.108,0.659,199.694,audio_features,spotify:track:1mWN1USPKg632qQXG9sfDL,https://api.spotify.com/v1/tracks/1mWN1USPKg632qQXG9sfDL,https://api.spotify.com/v1/audio-analysis/1mWN1USPKg632qQXG9sfDL,235867,4,丸ノ内サディスティック,Sheena Ringo,無罪モラトリアム,1mWN1USPKg632qQXG9sfDL,spotify:artist:2XjqKvB2Xz9IdyjWPIHaXi,"['j-pop', 'j-rock']",[None],66.0,1999-02-24,Error: No lyrics found,"[5757, 1560]"
0.598,0.706,1,-6.827,1,0.0491,0.11,0.0,0.0925,0.262,133.847,audio_features,spotify:track:0f3Ce9xjHymExIpEyHUC8D,https://api.spotify.com/v1/tracks/0f3Ce9xjHymExIpEyHUC8D,https://api.spotify.com/v1/audio-analysis/0f3Ce9xjHymExIpEyHUC8D,240080,4,優しさ,Fujii Kaze,HELP EVER HURT NEVER,0f3Ce9xjHymExIpEyHUC8D,spotify:artist:6bDWAcdtVR3WHz2xtiIPUi,"['j-pop', 'japanese teen pop']",[None],63.0,2020-05-20,Error: No lyrics found,"[5757, 246]"
0.534,0.545,8,-5.908,1,0.0295,0.273,0.0,0.106,0.255,144.066,audio_features,spotify:track:04K2brFrPGggc1EMHxOwOb,https://api.spotify.com/v1/tracks/04K2brFrPGggc1EMHxOwOb,https://api.spotify.com/v1/audio-analysis/04K2brFrPGggc1EMHxOwOb,337920,4,六等星の夜,Aimer,Best Selection Blanc,04K2brFrPGggc1EMHxOwOb,spotify:artist:0bAsR2unSRpn6BQPEnNlZm,"['anime', 'anime rock', 'j-pixie', 'j-pop', 'j-poprock']",[None],24.0,2017,Error: No lyrics found,"[2110, 4774, 2847, 5757, 257]"
0.272,0.916,0,-2.456,1,0.0722,0.0118,4.13e-06,0.367,0.473,168.035,audio_features,spotify:track:14Jv9F5dpAYh1OVyKsVSYk,https://api.spotify.com/v1/tracks/14Jv9F5dpAYh1OVyKsVSYk,https://api.spotify.com/v1/audio-analysis/14Jv9F5dpAYh1OVyKsVSYk,266520,4,rashisa,SUPER BEAVER,rashisa / watakushigoto,14Jv9F5dpAYh1OVyKsVSYk,spotify:artist:0SMhG4gXGD4gzLMMz08cQU,"['anime', 'j-pop', 'j-poprock', 'j-rock', 'japanese alternative rock']","['Jibun rashisatte nanda? ""Hito to wa chigau"" de sa wo tsukero\nKonbini no zasshi koonaa hyoushi ni futoji de kaite atta\nJibun rashisatte nanda? Kodomo no koro wa ki nimo sezu\nKini iranakereba okotte suki na mono wa suki da to itte\n\nBokura wa kawatteku mamoritai mono ga kawatte yuku\nRikaisarenai takaramono kara rikaisareru tame no tatemae e\nOtona ni naru hodo koukai suru ikimono ni naru\nDemo ne soredemo ne mieru mono ga arunda yo\n\nDakara boku wa boku rashiku soshite kimi wa kimi rashikutte\nHajime kara sagasu you na mono de wa naindato omounda\nBoku wa kimi ja nai shi kimi mo boku ja nai kara\nSurechigau te wo tsunagu soko ni wa ai datte umareru\nSou iu mon sa jibun rashisatte nandarou\nKaerarenai taisetsu ga aru kara kawariyuku seikatsu ga tadashii\n\nKosei wa dasanakya ikenai sou iuu hayari no mukosei de\nSatotta you ni ippo hiita tokumei kibou no boukansha\nChotto matte yo hoshizora wa kawarazu ano hi to onaji dayo\nRikai sarezu tomo takaramono wa kawarazu takaramono no hazu desho\n\nHenka ga kowakute kawaranu hibi mo kirai de\nKawaritakute kawarenakute kodomo no koro wo omottari mo shite\nMiushinai sou de jibun de aru imi toka\nKonbini de me ni shita futoji wo kinishitetan darou?\nDemo ne soredemo ne mieru mono ni kizute yo\n\nDakara boku wa boku rashiku soshite kimi wa kimi rashikutte\nHajime kara sagasu you na mono de wa naindato omounda\nBoku wa kimi ja nai shi kimi mo boku ja nai kara\nSurechigau te wo tsunagu soko ni wa ai datte umareru\nSou iu mon sa jibun rashisatte nandarou\nKaerarenai taisetsu ga aru kara kawariyuku seikatsu ga tadashii\n\nKawaranai taisetsu ga aru kara']",20.0,2014-09-24,"jibun rashisatte nanda? ""hito wa chigau"" de sa wo tsukero konbini zasshi koonaa hyoushi ni futoji de kaite atta jibun rashisatte nanda? kodomo koro wa ki nimo sezu kini iranakereba okotte suki na mono wa suki da itte bokura wa kawatteku mamoritai mono ga kawatte yuku rikaisarenai takaramono kara rikaisareru tame tatemae e otona ni naru hodo koukai suru ikimono ni naru demo ne soredemo ne mieru mono ga arunda yo dakara boku wa boku rashiku soshite kimi wa kimi rashikutte hajime kara sagasu na mono de wa naindato omounda boku wa kimi ja nai shi kimi mo boku ja nai kara surechigau te wo tsunagu soko ni wa ai datte umareru sou iu mon sa jibun rashisatte nandarou kaerarenai taisetsu ga aru kara kawariyuku seikatsu ga tadashii kosei wa dasanakya ikenai sou iuu hayari mukosei de satotta ni ippo hiita tokumei kibou boukansha chotto matte yo hoshizora wa kawarazu ano hi onaji dayo rikai sarezu tomo takaramono wa kawarazu takaramono hazu desho henka ga kowakute kawaranu hibi mo kirai de kawaritakute kawarenakute kodomo koro wo omottari mo shite miushinai sou de jibun de aru imi toka konbini de ni shita futoji wo kinishitetan darou? demo ne soredemo ne mieru mono ni kizute yo dakara boku wa boku rashiku soshite kimi wa kimi rashikutte hajime kara sagasu na mono de wa naindato omounda boku wa kimi ja nai shi kimi mo boku ja nai kara surechigau te wo tsunagu soko ni wa ai datte umareru sou iu mon sa jibun rashisatte nandarou kaerarenai taisetsu ga aru kara kawariyuku seikatsu ga tadashii kawaranai taisetsu ga aru kara","[2110, 5757, 257, 1560, 5210]"
0.621,0.533,1,-5.974,1,0.0342,0.78,0.0,0.333,0.791,96.981,audio_features,spotify:track:6g93YtKKHU2H1qIqhLIL0Y,https://api.spotify.com/v1/tracks/6g93YtKKHU2H1qIqhLIL0Y,https://api.spotify.com/v1/audio-analysis/6g93YtKKHU2H1qIqhLIL0Y,207360,4,カタオモイ,Aimer,Daydream,6g93YtKKHU2H1qIqhLIL0Y,spotify:artist:0bAsR2unSRpn6BQPEnNlZm,"['anime', 'anime rock', 'j-pixie', 'j-pop', 'j-poprock']",[None],48.0,2016,Error: No lyrics found,"[2110, 4774, 2847, 5757, 257]"
0.57,0.758,8,-3.997,1,0.0323,0.00157,0.0,0.367,0.707,97.959,audio_features,spotify:track:6vtHQ7FcAXSOKSOeaBm5bc,https://api.spotify.com/v1/tracks/6vtHQ7FcAXSOKSOeaBm5bc,https://api.spotify.com/v1/audio-analysis/6vtHQ7FcAXSOKSOeaBm5bc,288067,4,異端なスター,Official HIGE DANdism,レポート,6vtHQ7FcAXSOKSOeaBm5bc,spotify:artist:5Vo1hnCRmCM6M4thZCInCj,"['anime', 'anime rock', 'j-pop']",[None],57.0,2017-04-19,Error: No lyrics found,"[2110, 4774, 5757]"
0.744,0.831,3,-4.8,1,0.0355,0.334,2.71e-06,0.0879,0.834,131.053,audio_features,spotify:track:3IanNVIcOMlKFr329uhNcA,https://api.spotify.com/v1/tracks/3IanNVIcOMlKFr329uhNcA,https://api.spotify.com/v1/audio-analysis/3IanNVIcOMlKFr329uhNcA,258159,4,ヤングアダルト,Macaroni Empitsu,hope,3IanNVIcOMlKFr329uhNcA,spotify:artist:1t17z3vfuc82cxSDMrvryJ,"['anime', 'j-pop', 'japanese alternative rock', 'japanese teen pop']",[None],65.0,2020-04-01,Error: No lyrics found,"[2110, 5757, 5210, 246]"
0.415,0.628,2,-4.85,1,0.0285,6.4e-05,0.642,0.159,0.368,154.093,audio_features,spotify:track:50XwYMXbc3z8W3g21SIucz,https://api.spotify.com/v1/tracks/50XwYMXbc3z8W3g21SIucz,https://api.spotify.com/v1/audio-analysis/50XwYMXbc3z8W3g21SIucz,341027,4,ありあまる富,Sheena Ringo,日出処,50XwYMXbc3z8W3g21SIucz,spotify:artist:2XjqKvB2Xz9IdyjWPIHaXi,"['j-pop', 'j-rock']",[None],46.0,2014-11-05,Error: No lyrics found,"[5757, 1560]"
0.719,0.87,10,-3.073,1,0.0472,0.321,0.0,0.187,0.732,134.979,audio_features,spotify:track:0T4AitQuq8IJhWBWuZwkFA,https://api.spotify.com/v1/tracks/0T4AitQuq8IJhWBWuZwkFA,https://api.spotify.com/v1/audio-analysis/0T4AitQuq8IJhWBWuZwkFA,248444,4,群青,YOASOBI,群青,0T4AitQuq8IJhWBWuZwkFA,spotify:artist:64tJ2EAv1R6UaZqc4iOCyj,"['j-pop', 'japanese teen pop']",[None],72.0,2020-09-01,Error: No lyrics found,"[5757, 246]"
0.633,0.729,7,-7.113,1,0.13,0.394,0.000164,0.144,0.69,89.851,audio_features,spotify:track:2Nl3vx5qRnATIckVRZxb4T,https://api.spotify.com/v1/tracks/2Nl3vx5qRnATIckVRZxb4T,https://api.spotify.com/v1/audio-analysis/2Nl3vx5qRnATIckVRZxb4T,320640,4,何なんw,Fujii Kaze,HELP EVER HURT NEVER,2Nl3vx5qRnATIckVRZxb4T,spotify:artist:6bDWAcdtVR3WHz2xtiIPUi,"['j-pop', 'japanese teen pop']",[''],65.0,2020-05-20,Error: No lyrics found,"[5757, 246]"
0.63,0.807,1,-3.645,0,0.0311,0.0633,0.0,0.386,0.937,131.971,audio_features,spotify:track:0ELktpiH8U73B7lu249tMM,https://api.spotify.com/v1/tracks/0ELktpiH8U73B7lu249tMM,https://api.spotify.com/v1/audio-analysis/0ELktpiH8U73B7lu249tMM,216707,4,イト,Creep Hyp,泣きたくなるほど嬉しい日々に,0ELktpiH8U73B7lu249tMM,spotify:artist:6POfB0fHdzXFLWL3RHxLv8,"['j-pop', 'j-rock', 'japanese alternative rock']",[None],59.0,2018-09-26,Error: No lyrics found,"[5757, 1560, 5210]"
0.576,0.632,7,-8.226,1,0.0335,0.0945,0.0,0.333,0.577,116.01,audio_features,spotify:track:0wMfMGp7nz7JMNw7tei9f5,https://api.spotify.com/v1/tracks/0wMfMGp7nz7JMNw7tei9f5,https://api.spotify.com/v1/audio-analysis/0wMfMGp7nz7JMNw7tei9f5,252707,4,今宵の月のように,Elephant Kashimashi,明日に向かって走れ-月夜の歌-,0wMfMGp7nz7JMNw7tei9f5,spotify:artist:24ljrnVUlUZ2apxF6GZsrm,"['classic j-rock', 'j-pop', 'j-rock']",[None],61.0,1997,Error: No lyrics found,"[1255, 5757, 1560]"
0.459,0.634,7,-6.537,1,0.0641,0.448,0.0,0.154,0.312,184.075,audio_features,spotify:track:7yp1OOqjpknVB13pJK7OqD,https://api.spotify.com/v1/tracks/7yp1OOqjpknVB13pJK7OqD,https://api.spotify.com/v1/audio-analysis/7yp1OOqjpknVB13pJK7OqD,194933,4,もう二度と,ECHOLL,Sayonaramadeno30pun (ECHOLL Edition),7yp1OOqjpknVB13pJK7OqD,spotify:artist:3FGUoHLys8WxPH9FK1d3d7,[],[None],0.0,2020-01-22,Error: No lyrics found,[]
0.7,0.477,0,-8.336,1,0.0317,0.715,1.61e-06,0.13,0.181,110.075,audio_features,spotify:track:0pvBS0VBT4PM11AnlC5ISb,https://api.spotify.com/v1/tracks/0pvBS0VBT4PM11AnlC5ISb,https://api.spotify.com/v1/audio-analysis/0pvBS0VBT4PM11AnlC5ISb,289533,4,stand by me (piano ver.),ECHOLL,Sayonaramadeno30pun (ECHOLL Edition),0pvBS0VBT4PM11AnlC5ISb,spotify:artist:3FGUoHLys8WxPH9FK1d3d7,[],[''],0.0,2020-01-22,Error: No lyrics found,[]
0.606,0.597,9,-5.857,1,0.0327,0.202,0.0,0.0929,0.348,79.03,audio_features,spotify:track:1HcO7azRumtGqs03EVDFfg,https://api.spotify.com/v1/tracks/1HcO7azRumtGqs03EVDFfg,https://api.spotify.com/v1/audio-analysis/1HcO7azRumtGqs03EVDFfg,284511,4,pellucid,LAMP IN TERREN,fantasia,1HcO7azRumtGqs03EVDFfg,spotify:artist:4fWRCuKlIFH07b4bXV7sRU,"['j-poprock', 'j-rock', 'japanese alternative rock']",[''],2.0,2017-04-12,Error: No lyrics found,"[257, 1560, 5210]"
0.446,0.455,2,-6.545,1,0.0267,0.221,2.21e-06,0.208,0.363,138.096,audio_features,spotify:track:5Q6z8rqbH1CfYaUOqktJbE,https://api.spotify.com/v1/tracks/5Q6z8rqbH1CfYaUOqktJbE,https://api.spotify.com/v1/audio-analysis/5Q6z8rqbH1CfYaUOqktJbE,351053,4,ただ・・・逢いたくて,EXILE,EXTREME BEST,5Q6z8rqbH1CfYaUOqktJbE,spotify:artist:6zGmypGQUBXD4ZC9EbfMme,"['j-idol', 'j-pop', 'j-pop boy group']",[None],55.0,2016-09-27,Error: No lyrics found,"[4178, 5757, 4319]"
0.514,0.806,8,-3.843,1,0.126,0.293,0.0,0.0771,0.874,96.823,audio_features,spotify:track:3IzKR3VsEZ7aWXhGAapMyO,https://api.spotify.com/v1/tracks/3IzKR3VsEZ7aWXhGAapMyO,https://api.spotify.com/v1/audio-analysis/3IzKR3VsEZ7aWXhGAapMyO,250868,4,暗く黒く,ZUTOMAYO,暗く黒く,3IzKR3VsEZ7aWXhGAapMyO,spotify:artist:38WbKH6oKAZskBhqDFA8Uj,['j-pop'],[None],52.0,2020-11-03,Error: No lyrics found,[5757]
0.641,0.882,9,-2.836,1,0.0401,0.127,0.0,0.129,0.713,106.074,audio_features,spotify:track:4GgI6ESeHw4SPqicVY3HPV,https://api.spotify.com/v1/tracks/4GgI6ESeHw4SPqicVY3HPV,https://api.spotify.com/v1/audio-analysis/4GgI6ESeHw4SPqicVY3HPV,258543,4,愛のレンタル,Macaroni Empitsu,hope,4GgI6ESeHw4SPqicVY3HPV,spotify:artist:1t17z3vfuc82cxSDMrvryJ,"['anime', 'j-pop', 'japanese alternative rock', 'japanese teen pop']",[None],56.0,2020-04-01,Error: No lyrics found,"[2110, 5757, 5210, 246]"
0.66,0.865,5,-3.642,1,0.0277,0.278,0.0,0.0931,0.772,106.008,audio_features,spotify:track:2UdvMWk0Z83lMJPbawy2Sm,https://api.spotify.com/v1/tracks/2UdvMWk0Z83lMJPbawy2Sm,https://api.spotify.com/v1/audio-analysis/2UdvMWk0Z83lMJPbawy2Sm,244869,4,ブルーベリー・ナイツ,Macaroni Empitsu,hope,2UdvMWk0Z83lMJPbawy2Sm,spotify:artist:1t17z3vfuc82cxSDMrvryJ,"['anime', 'j-pop', 'japanese alternative rock', 'japanese teen pop']",[None],69.0,2020-04-01,Error: No lyrics found,"[2110, 5757, 5210, 246]"
0.438,0.646,1,-5.301,1,0.0361,0.124,0.0,0.0603,0.745,102.033,audio_features,spotify:track:2SihT7AVMiI2VtaAyVIcnO,https://api.spotify.com/v1/tracks/2SihT7AVMiI2VtaAyVIcnO,https://api.spotify.com/v1/audio-analysis/2SihT7AVMiI2VtaAyVIcnO,200219,4,恋人ごっこ,Macaroni Empitsu,hope,2SihT7AVMiI2VtaAyVIcnO,spotify:artist:1t17z3vfuc82cxSDMrvryJ,"['anime', 'j-pop', 'japanese alternative rock', 'japanese teen pop']",[None],70.0,2020-04-01,Error: No lyrics found,"[2110, 5757, 5210, 246]"
0.493,0.779,8,-5.207,1,0.0611,0.0521,0.0,0.0716,0.602,82.058,audio_features,spotify:track:6aDEsNcqKvKvli3fF10GSj,https://api.spotify.com/v1/tracks/6aDEsNcqKvKvli3fF10GSj,https://api.spotify.com/v1/audio-analysis/6aDEsNcqKvKvli3fF10GSj,246318,4,Memories in Aquarium,Tatsuya Kitani,I DO (NOT) LOVE YOU.,6aDEsNcqKvKvli3fF10GSj,spotify:artist:3YxLZDzRbeskxCOlubACis,[],['大嫌いな君の靴\u3000海に沈めてしまって\u3000もう\n明日には忘れているから\u3000きっと君のことなんて\n\n恋をしていた\u3000飴玉のような\nいつか溶けてしまうってことも思い出せなくなってさ\n溺れていた\u3000海が凍りついた朝のような痛みの中で\n目を閉じて\n\n大嫌いな君の靴\u3000海に沈めてしまっても\nなにもかも覚えている\nただ、水槽が満ちて溢れ出した\n\n止まった時計の針、二度とは動かない心臓\nあの時見えていたはずの景色ですらも灰に消えるような\n\n恋をしていた\n最後の記録で、君が煙になって冬の天井に消えてさ\n凍りついた私の記憶の水槽は、今でも眠りの中だ\n\n誰も死なない病棟のように、過去の手紙に溺れてしまえ\n明日がもう来ないのならば\u3000氷の底でさ\n春を夢見るだけ\n\n恋をしている\n飴玉のように記憶の海に溶けて、全てが灰色になっても\n君が笑って私の選択を許してくれる\n\n二人は水槽で沈んでいく\n\n-さよならが言えないまま 彼女はずっと夢を見て\n今日が終わってまた今日が始まる朝でも、笑うだけだった-'],18.0,2018-09-26,大嫌いな君の靴 海に沈めてしまって もう 明日には忘れているから きっと君のことなんて 恋をしていた 飴玉のような いつか溶けてしまうってことも思い出せなくなってさ 溺れていた 海が凍りついた朝のような痛みの中で 目を閉じて 大嫌いな君の靴 海に沈めてしまっても なにもかも覚えている ただ、水槽が満ちて溢れ出した 止まった時計の針、二度とは動かない心臓 あの時見えていたはずの景色ですらも灰に消えるような 恋をしていた 最後の記録で、君が煙になって冬の天井に消えてさ 凍りついた私の記憶の水槽は、今でも眠りの中だ 誰も死なない病棟のように、過去の手紙に溺れてしまえ 明日がもう来ないのならば 氷の底でさ 春を夢見るだけ 恋をしている 飴玉のように記憶の海に溶けて、全てが灰色になっても 君が笑って私の選択を許してくれる 二人は水槽で沈んでいく -さよならが言えないまま 彼女はずっと夢を見て 今日が終わってまた今日が始まる朝でも、笑うだけだった-,[]
0.39,0.839,3,-2.175,1,0.0726,0.276,0.0,0.235,0.462,172.577,audio_features,spotify:track:3MpAEomh0TJoyca9y7uaBX,https://api.spotify.com/v1/tracks/3MpAEomh0TJoyca9y7uaBX,https://api.spotify.com/v1/audio-analysis/3MpAEomh0TJoyca9y7uaBX,259667,4,ここでキスして。,Sheena Ringo,無罪モラトリアム,3MpAEomh0TJoyca9y7uaBX,spotify:artist:2XjqKvB2Xz9IdyjWPIHaXi,"['j-pop', 'j-rock']",[None],54.0,1999-02-24,Error: No lyrics found,"[5757, 1560]"
0.654,0.941,2,-2.419,1,0.034,0.145,0.0,0.107,0.726,122.979,audio_features,spotify:track:3vmRaPrPEdW3KJqmT0d51r,https://api.spotify.com/v1/tracks/3vmRaPrPEdW3KJqmT0d51r,https://api.spotify.com/v1/audio-analysis/3vmRaPrPEdW3KJqmT0d51r,233253,4,フィクション,sumika,Fiction -EP,3vmRaPrPEdW3KJqmT0d51r,spotify:artist:0ySFZq3Wd0SQUyJUzmJAeb,"['anime', 'j-pop', 'j-rock', 'japanese teen pop']",[None],47.0,2018-04-25,Error: No lyrics found,"[2110, 5757, 1560, 246]"
0.442,0.748,6,-5.448,1,0.0302,0.074,0.0,0.1,0.493,89.956,audio_features,spotify:track:4IubwxgmXeZtDtYjTaT9gN,https://api.spotify.com/v1/tracks/4IubwxgmXeZtDtYjTaT9gN,https://api.spotify.com/v1/audio-analysis/4IubwxgmXeZtDtYjTaT9gN,324053,4,鱗(うろこ),Motohiro Hata,コントラスト,4IubwxgmXeZtDtYjTaT9gN,spotify:artist:706WzkJEacBrtkHKRpBU2q,"['j-acoustic', 'j-pop', 'j-poprock', 'j-rock', 'japanese singer-songwriter']",[None],64.0,2007-09-26,Error: No lyrics found,"[3794, 5757, 257, 1560, 2023]"
0.475,0.468,10,-6.123,1,0.0343,0.167,0.0,0.186,0.365,157.798,audio_features,spotify:track:4SWzCUmuOQiPb6MJhrqZlJ,https://api.spotify.com/v1/tracks/4SWzCUmuOQiPb6MJhrqZlJ,https://api.spotify.com/v1/audio-analysis/4SWzCUmuOQiPb6MJhrqZlJ,308640,4,ひまわりの約束,Motohiro Hata,All Time Best ハタモトヒロ,4SWzCUmuOQiPb6MJhrqZlJ,spotify:artist:706WzkJEacBrtkHKRpBU2q,"['j-acoustic', 'j-pop', 'j-poprock', 'j-rock', 'japanese singer-songwriter']",[None],44.0,2017-06-14,Error: No lyrics found,"[3794, 5757, 257, 1560, 2023]"
0.105,0.96,9,0.028,1,0.0629,4.26e-05,0.269,0.0843,0.333,180.798,audio_features,spotify:track:1oWlUSljPUqKwbvEl0C3zE,https://api.spotify.com/v1/tracks/1oWlUSljPUqKwbvEl0C3zE,https://api.spotify.com/v1/audio-analysis/1oWlUSljPUqKwbvEl0C3zE,213267,4,群青日和,Tokyo Incidents,教育,1oWlUSljPUqKwbvEl0C3zE,spotify:artist:6KQWWzFLPQbqomJrieHAW5,"['anime', 'j-pop', 'j-rock']",[None],57.0,2004-11-25,Error: No lyrics found,"[2110, 5757, 1560]"
0.436,0.916,5,-2.646,0,0.0383,0.00195,0.000205,0.424,0.694,180.097,audio_features,spotify:track:3JVPp8uzlARY1YUceQxyED,https://api.spotify.com/v1/tracks/3JVPp8uzlARY1YUceQxyED,https://api.spotify.com/v1/audio-analysis/3JVPp8uzlARY1YUceQxyED,287720,4,オレンジ,AKAIKO-EN,オレンジ / pray,3JVPp8uzlARY1YUceQxyED,spotify:artist:5ztM0WRyJguGFiLusqTBKs,"['j-poprock', 'j-rock', 'japanese alternative rock']",[None],41.0,2020-11-25,Error: No lyrics found,"[257, 1560, 5210]"
0.521,0.584,10,-3.52,1,0.0313,0.102,0.0,0.15,0.356,139.953,audio_features,spotify:track:5s9ZTyaMuzOyXDrJKsdytM,https://api.spotify.com/v1/tracks/5s9ZTyaMuzOyXDrJKsdytM,https://api.spotify.com/v1/audio-analysis/5s9ZTyaMuzOyXDrJKsdytM,190320,4,pray,AKAIKO-EN,オレンジ / pray,5s9ZTyaMuzOyXDrJKsdytM,spotify:artist:5ztM0WRyJguGFiLusqTBKs,"['j-poprock', 'j-rock', 'japanese alternative rock']",[''],41.0,2020-11-25,Error: No lyrics found,"[257, 1560, 5210]"
0.598,0.73,2,-5.087,1,0.0403,0.00699,0.0,0.0534,0.462,129.956,audio_features,spotify:track:5zAExDde1nmf50WTZO8k7L,https://api.spotify.com/v1/tracks/5zAExDde1nmf50WTZO8k7L,https://api.spotify.com/v1/audio-analysis/5zAExDde1nmf50WTZO8k7L,278080,4,Highway Cabriolet,AKAIKO-EN,Kienai - Ep,5zAExDde1nmf50WTZO8k7L,spotify:artist:5ztM0WRyJguGFiLusqTBKs,"['j-poprock', 'j-rock', 'japanese alternative rock']",['I Love Youって空耳してもいいかな\nそれともこれくらい君はなんてことないの\n今にも黄昏があふれ出す\nとどめたい心の奥で光るPassenger Lamp\n\n唇にほんのちょっと携えた余裕\nCarWindowはまるで超高速の映画\n優しい目尻、射るような視線\nどうにもならない熱帯夜\n\nHighway Cabriolet\u3000二人を乗せて\n果てまで泳いでく遊覧船\n目を光らせたガイコツも呆れて\n煙を吐いてる遊園地\nBGMおまかせDJカゼマカセ\nあらゆるHzの観覧車\n回しても回してもLove Song\n\nI Love Youって空耳してくれるかな\nそれとも気づかないフリを決め込んでるの\n\n喉元を上下して空きっぱなしのキャップ\n当然ぶった右手受け取る左手\n咳払いひとつ、受けてもうひとつ\nどうにもこうにも熱帯夜\n\nHighway Cabriolet\u3000二人潜り込む\n彩りをHackした鍾乳洞\nYellow混じりでもRedCardギリギリ\nしつこいBeamの乱反射\nBGM波風DJウミガメ\n抜けたらFlashで竜宮城\n返しては寄せてくLove Song\n\n唇にほんのちょっと携えた余裕\nCar windowはまるで超高速の映画\n優しい目尻、射るような視線\nどうでもよくなる熱帯夜\n\nHighway Cabriolet\u3000二人を乗せて\n果てまで泳いでく遊覧船\n目を光らせたガイコツも呆れて\n煙を吐いてる遊園地\nBGMおまかせDJカゼマカセ\nあらゆるHzの観覧車\n止まらない止まれない\n回しても回してもLove Song'],0.0,2019-10-23,love youって空耳してもいいかな それともこれくらい君はなんてことないの 今にも黄昏があふれ出す とどめたい心の奥で光るpassenger lamp 唇にほんのちょっと携えた余裕 carwindowはまるで超高速の映画 優しい目尻、射るような視線 どうにもならない熱帯夜 highway cabriolet 二人を乗せて 果てまで泳いでく遊覧船 目を光らせたガイコツも呆れて 煙を吐いてる遊園地 bgmおまかせdjカゼマカセ あらゆるhzの観覧車 回しても回してもlove song love youって空耳してくれるかな それとも気づかないフリを決め込んでるの 喉元を上下して空きっぱなしのキャップ 当然ぶった右手受け取る左手 咳払いひとつ、受けてもうひとつ どうにもこうにも熱帯夜 highway cabriolet 二人潜り込む 彩りをhackした鍾乳洞 yellow混じりでもredcardギリギリ しつこいbeamの乱反射 bgm波風djウミガメ 抜けたらflashで竜宮城 返しては寄せてくlove song 唇にほんのちょっと携えた余裕 car windowはまるで超高速の映画 優しい目尻、射るような視線 どうでもよくなる熱帯夜 highway cabriolet 二人を乗せて 果てまで泳いでく遊覧船 目を光らせたガイコツも呆れて 煙を吐いてる遊園地 bgmおまかせdjカゼマカセ あらゆるhzの観覧車 止まらない止まれない 回しても回してもlove song,"[257, 1560, 5210]"
0.391,0.943,9,-1.961,0,0.0447,0.00133,0.0,0.472,0.647,168.065,audio_features,spotify:track:6aQOZNi3Y3L08SBx9JHlwf,https://api.spotify.com/v1/tracks/6aQOZNi3Y3L08SBx9JHlwf,https://api.spotify.com/v1/audio-analysis/6aQOZNi3Y3L08SBx9JHlwf,211827,3,絶対零度,AKAIKO-EN,The Park,6aQOZNi3Y3L08SBx9JHlwf,spotify:artist:5ztM0WRyJguGFiLusqTBKs,"['j-poprock', 'j-rock', 'japanese alternative rock']",[None],0.0,2020-04-15,Error: No lyrics found,"[257, 1560, 5210]"
0.479,0.833,2,-4.474,1,0.0461,0.0382,0.0,0.317,0.671,157.987,audio_features,spotify:track:3OBWZJA1TwIs9oTrCbSM60,https://api.spotify.com/v1/tracks/3OBWZJA1TwIs9oTrCbSM60,https://api.spotify.com/v1/audio-analysis/3OBWZJA1TwIs9oTrCbSM60,176053,4,月曜日戦争,Kayoko Yoshizawa,新・魔女図鑑,3OBWZJA1TwIs9oTrCbSM60,spotify:artist:7tBabqiwVyDG4VNrijrhE0,['japanese indie pop'],[None],22.0,2020-11-25,Error: No lyrics found,[2819]
0.654,0.422,7,-5.854,1,0.0251,0.432,0.0,0.0996,0.187,143.899,audio_features,spotify:track:0Wg0sZobsDoWEpay1mUh2O,https://api.spotify.com/v1/tracks/0Wg0sZobsDoWEpay1mUh2O,https://api.spotify.com/v1/audio-analysis/0Wg0sZobsDoWEpay1mUh2O,244173,4,残ってる,Kayoko Yoshizawa,新・魔女図鑑,0Wg0sZobsDoWEpay1mUh2O,spotify:artist:7tBabqiwVyDG4VNrijrhE0,['japanese indie pop'],[None],23.0,2020-11-25,Error: No lyrics found,[2819]
0.557,0.673,1,-3.042,1,0.0354,0.0137,0.0,0.0613,0.584,139.07,audio_features,spotify:track:4Qu3gqkXT4gbuKBGlelM36,https://api.spotify.com/v1/tracks/4Qu3gqkXT4gbuKBGlelM36,https://api.spotify.com/v1/audio-analysis/4Qu3gqkXT4gbuKBGlelM36,200504,4,産声,Omoinotake,産声,4Qu3gqkXT4gbuKBGlelM36,spotify:artist:63ylN6WBUUxxMsySiDmr0B,"['city pop', 'japanese soul']",[None],49.0,2020-10-23,Error: No lyrics found,"[5440, 1224]"
0.568,0.727,1,-5.415,1,0.0542,0.0343,0.0,0.197,0.797,162.811,audio_features,spotify:track:648sjoR2ga0PXixXttyqzJ,https://api.spotify.com/v1/tracks/648sjoR2ga0PXixXttyqzJ,https://api.spotify.com/v1/audio-analysis/648sjoR2ga0PXixXttyqzJ,223741,4,One Day,Omoinotake,Long for,648sjoR2ga0PXixXttyqzJ,spotify:artist:63ylN6WBUUxxMsySiDmr0B,"['city pop', 'japanese soul']",['[Omoinotake「One Day」歌詞]\n\nながり合うノイズのTV show\u3000息苦しいくてturn off\n笑い合う\u3000声も消えた街\u3000疲れ果てた顔して\n誰かのせいにして\u3000整理した心\u3000濁り続けるだけで\nあの日の夢見た\u3000イメージしたことが\u3000今もまた消えた\n\nわかり合う\u3000ためにあるはずの\u3000この体も言葉も\n探り合う\u3000ために使われて\u3000擦り減り続けていく\n誰かのせいじゃない\u3000整理したい心\u3000目に見えてたことさえ\n今じゃわからない\u3000浮かばない日々が\u3000今もまた沈む\n\n涙に震える\u3000君の肩を抱きしめることさえも\nままならない\u3000foggy night\u3000きっと答えはない\n\nだから僕は\u3000灯火が消えないように\n今歌うから\u3000Never let you down\nDelight したい\u3000未来\u3000想い続けるよ\n当たり前に\u3000寄り添い合える日々でまた\n再会を誓い合いたい tonight 繋ぐその先で\n\n消えてゆく\u3000大切な居場所\u3000どうすることもできず\n募りゆく\u3000行き場の名想い\u3000「いつか」\u3000っていつなんだろう\n誰かのせいじゃない\u3000だから辛い嘆く宛先のない言葉\nいつものように\u3000無邪気に君\u3000笑っていたいだけ\n\nこの目を背けて\u3000耳も塞いで膝を抱きえたままじゃ\n生きられない foggy night きっと答えはない\n\nだから僕は\u3000灯火が消えないように\n今歌うから\u3000Never let you\u2005down\nDelight\u2005したい\u3000未来\u3000想い続けるよ\n当たり前に\u3000寄り添い合える日々でまた\n再会を誓い合いたい tonight 繋ぐその先で\n\nWanna\u2005get up\nWanna get up...\n\nそばにいたいと\u3000声を\u3000枯らすよ\nこれ以上何も奪われないように\n絶えず鼓動を\u3000ここで鳴らすよ\n\n何もかもが打ち捨てられていく夜に\n変わらない\u3000夢を見ていたい\nDelight したい\u3000未来\u3000想い続けるよ\n当たり前に\u3000寄り添い合える日々でまた\n再会を誓い合いたい tonight\u2005繋いで\n\nDelight したい\u3000未来\u3000想い続けるよ\n当たり前に\u3000寄り添い合える日々でまた\n再会を誓い合いたい tonight 繋ぐその先で'],60.0,2020-11-18,[omoinotake「one day」歌詞] ながり合うノイズのtv show 息苦しいくてturn 笑い合う 声も消えた街 疲れ果てた顔して 誰かのせいにして 整理した心 濁り続けるだけで あの日の夢見た イメージしたことが 今もまた消えた わかり合う ためにあるはずの この体も言葉も 探り合う ために使われて 擦り減り続けていく 誰かのせいじゃない 整理したい心 目に見えてたことさえ 今じゃわからない 浮かばない日々が 今もまた沈む 涙に震える 君の肩を抱きしめることさえも ままならない foggy night きっと答えはない だから僕は 灯火が消えないように 今歌うから never let delight したい 未来 想い続けるよ 当たり前に 寄り添い合える日々でまた 再会を誓い合いたい tonight 繋ぐその先で 消えてゆく 大切な居場所 どうすることもできず 募りゆく 行き場の名想い 「いつか」 っていつなんだろう 誰かのせいじゃない だから辛い嘆く宛先のない言葉 いつものように 無邪気に君 笑っていたいだけ この目を背けて 耳も塞いで膝を抱きえたままじゃ 生きられない foggy night きっと答えはない だから僕は 灯火が消えないように 今歌うから never let delight したい 未来 想い続けるよ 当たり前に 寄り添い合える日々でまた 再会を誓い合いたい tonight 繋ぐその先で wanna get wanna get up... そばにいたいと 声を 枯らすよ これ以上何も奪われないように 絶えず鼓動を ここで鳴らすよ 何もかもが打ち捨てられていく夜に 変わらない 夢を見ていたい delight したい 未来 想い続けるよ 当たり前に 寄り添い合える日々でまた 再会を誓い合いたい tonight 繋いで delight したい 未来 想い続けるよ 当たり前に 寄り添い合える日々でまた 再会を誓い合いたい tonight 繋ぐその先で,"[5440, 1224]"
0.728,0.584,7,-5.855,1,0.0268,0.474,1.2e-06,0.123,0.626,95.986,audio_features,spotify:track:39dvNiqFBQ1OG27fCCOZe7,https://api.spotify.com/v1/tracks/39dvNiqFBQ1OG27fCCOZe7,https://api.spotify.com/v1/audio-analysis/39dvNiqFBQ1OG27fCCOZe7,266800,4,MOOD,LUCKY TAPES,dressing,39dvNiqFBQ1OG27fCCOZe7,spotify:artist:7tyrh2CwSnilzMD8olQxcx,"['city pop', 'japanese r&b']",['ラッキーテープス「MOOD」の歌詞\n\nここまでは上手く生きてきたんだし\n金も名誉もないけどさ\n好きなことばっか追い掛け回して死にたい\nこれまでのことばかり気にしていても\n誰が為にもならないし\n常識を越えてみたいから\nほらまたシャワーしてグッドナイト\n\nつまらない奴に割く時間もない\n形はいつも定まらないまま\n頼りない言葉が宙を舞う\n楽したいだけなら浮かれてりゃいい\nプライドばっか高いんじゃそこまでだろう\nほらまたわめくのさ\n変わったのは服くらいで\n\n壊れそうな想いなんていらない\n誰かの好きは誰かの嫌いでさ\nつまりはさっきの話だろ\n行き違いばかりでもう疲れた\n比べてばかりいても仕方ない\n結局帰るのは同じ\n\nここまでは上手く生きてきたんだし\n金も名誉もないけどさ\n好きなことばっか追い掛け回して死にたい\nこれまでのことばかり気にしていても\n誰が為にもならないし\n常識を越えてみたいから\nほらまたシャワーしてグッドナイト\n\n今夜街へ駆け出す味のないキャンディーを\nポケットに忍ばせきっと\nこのムードによっていたいよ\u3000ずっと\n今夜街へ駆け出す味のないキャンディーを\nポケットに忍ばせきっと\nこのムードによっていたいよ\u3000ずっと\n\nここまでは上手く生きてきたんだし\n金も名誉もないけどさ\n好きなことばっか追い掛け回して死にたい\nこれまでのことばかり気にしていても\n誰が為にもならないし\n常識を越えてみたいから\nほらまたシャワーしてグッドナイト'],51.0,2018-10-03,ラッキーテープス「mood」の歌詞 ここまでは上手く生きてきたんだし 金も名誉もないけどさ 好きなことばっか追い掛け回して死にたい これまでのことばかり気にしていても 誰が為にもならないし 常識を越えてみたいから ほらまたシャワーしてグッドナイト つまらない奴に割く時間もない 形はいつも定まらないまま 頼りない言葉が宙を舞う 楽したいだけなら浮かれてりゃいい プライドばっか高いんじゃそこまでだろう ほらまたわめくのさ 変わったのは服くらいで 壊れそうな想いなんていらない 誰かの好きは誰かの嫌いでさ つまりはさっきの話だろ 行き違いばかりでもう疲れた 比べてばかりいても仕方ない 結局帰るのは同じ ここまでは上手く生きてきたんだし 金も名誉もないけどさ 好きなことばっか追い掛け回して死にたい これまでのことばかり気にしていても 誰が為にもならないし 常識を越えてみたいから ほらまたシャワーしてグッドナイト 今夜街へ駆け出す味のないキャンディーを ポケットに忍ばせきっと このムードによっていたいよ ずっと 今夜街へ駆け出す味のないキャンディーを ポケットに忍ばせきっと このムードによっていたいよ ずっと ここまでは上手く生きてきたんだし 金も名誉もないけどさ 好きなことばっか追い掛け回して死にたい これまでのことばかり気にしていても 誰が為にもならないし 常識を越えてみたいから ほらまたシャワーしてグッドナイト,"[5440, 3538]"
0.648,0.679,5,-3.959,1,0.0361,0.036,5.46e-06,0.127,0.484,118.67,audio_features,spotify:track:2FHexlZenTsS3lsjUYHiDx,https://api.spotify.com/v1/tracks/2FHexlZenTsS3lsjUYHiDx,https://api.spotify.com/v1/audio-analysis/2FHexlZenTsS3lsjUYHiDx,240067,4,正しくなれない,ZUTOMAYO,ぐされ,2FHexlZenTsS3lsjUYHiDx,spotify:artist:38WbKH6oKAZskBhqDFA8Uj,['j-pop'],[None],62.0,2021-02-10,Error: No lyrics found,[5757]
0.448,0.447,6,-7.161,0,0.045,0.234,0.0,0.382,0.299,78.861,audio_features,spotify:track:0XZyF9lv6diMt4bxThOL0h,https://api.spotify.com/v1/tracks/0XZyF9lv6diMt4bxThOL0h,https://api.spotify.com/v1/audio-analysis/0XZyF9lv6diMt4bxThOL0h,251533,4,勿忘,Awesome City Club,Grower,0XZyF9lv6diMt4bxThOL0h,spotify:artist:7jGn8qhLb48n7yMMNfAoHv,"['city pop', 'j-pop', 'j-rock', 'japanese alternative rock']",[None],77.0,2021-02-10,Error: No lyrics found,"[5440, 5757, 1560, 5210]"
0.59,0.556,9,-7.124,1,0.07,0.0711,3.24e-06,0.08,0.749,171.936,audio_features,spotify:track:1EM9pvygHqQm03as6sxLg9,https://api.spotify.com/v1/tracks/1EM9pvygHqQm03as6sxLg9,https://api.spotify.com/v1/audio-analysis/1EM9pvygHqQm03as6sxLg9,277333,4,旅路,Fujii Kaze,旅路,1EM9pvygHqQm03as6sxLg9,spotify:artist:6bDWAcdtVR3WHz2xtiIPUi,"['j-pop', 'japanese teen pop']",[None],65.0,2021-03-01,Error: No lyrics found,"[5757, 246]"
0.636,0.273,9,-9.612,1,0.0349,0.676,4.16e-06,0.0761,0.307,65.997,audio_features,spotify:track:7Et9x07NBy3jVNZbTtSRfu,https://api.spotify.com/v1/tracks/7Et9x07NBy3jVNZbTtSRfu,https://api.spotify.com/v1/audio-analysis/7Et9x07NBy3jVNZbTtSRfu,340746,4,ナラタージュ,adieu,ナラタージュ,7Et9x07NBy3jVNZbTtSRfu,spotify:artist:18tXnGJKmrSwXynnxWHy3Y,[],[None],46.0,2017-08-24,Error: No lyrics found,[]
0.674,0.365,6,-8.141,1,0.0278,0.519,1.23e-05,0.136,0.425,144.038,audio_features,spotify:track:0Ww9CZicnZs8gscWdMiE7p,https://api.spotify.com/v1/tracks/0Ww9CZicnZs8gscWdMiE7p,https://api.spotify.com/v1/audio-analysis/0Ww9CZicnZs8gscWdMiE7p,291880,4,よるのあと,adieu,adieu 1,0Ww9CZicnZs8gscWdMiE7p,spotify:artist:18tXnGJKmrSwXynnxWHy3Y,[],[None],60.0,2019-11-27,Error: No lyrics found,[]
0.627,0.824,1,-3.419,1,0.118,0.0699,6.57e-05,0.31,0.774,169.935,audio_features,spotify:track:06XQvnJb53SUYmlWIhUXUi,https://api.spotify.com/v1/tracks/06XQvnJb53SUYmlWIhUXUi,https://api.spotify.com/v1/audio-analysis/06XQvnJb53SUYmlWIhUXUi,206000,4,怪物,YOASOBI,怪物,06XQvnJb53SUYmlWIhUXUi,spotify:artist:64tJ2EAv1R6UaZqc4iOCyj,"['j-pop', 'japanese teen pop']",[None],78.0,2021-01-06,Error: No lyrics found,"[5757, 246]"
0.753,0.574,3,-4.57,1,0.0483,0.0512,3.71e-06,0.141,0.527,89.024,audio_features,spotify:track:3dPpQeLTWjCjEbSevDMQfW,https://api.spotify.com/v1/tracks/3dPpQeLTWjCjEbSevDMQfW,https://api.spotify.com/v1/audio-analysis/3dPpQeLTWjCjEbSevDMQfW,290000,4,FUSHIGI,Gen Hoshino,FUSHIGI,3dPpQeLTWjCjEbSevDMQfW,spotify:artist:1S2S00lgLYLGHWA44qGEUs,"['j-acoustic', 'j-pop', 'japanese singer-songwriter']","['[星野源「不思議」歌詞]\n\n[イントロ]\n君と出会った この水の中で\n手を繋いだら 息をしていた\nただそう思った\n\n[ヴァース 1]\n彷徨う心で 額合わせ\n口づけした 正座のまま\nただそっと笑った\n\n[ヴァース 2]\n希望あふれた この檻の中で\n理由もない 恋がそこにあるまま\nただ貴方だった\n\n[プリコーラス]\n幼い頃の記憶 今夜食べたいもの\n何もかもが違う\nなのになぜ側に居たいの\n他人だけにあるもの\n\n[コーラス]\n\'\'好き\'\'を持った日々を\nありのままで\n文字にできるなら\n気が済むのにな\nまだ やだ 遠く 脆い\n愛に足る想い\n瞳にいま 宿り出す\n\n[ヴァース 3]\nきらきらはしゃぐ この地獄の中で\n仕様のない身体 抱き締め合った\n赤子に戻って\n\n[プリコーラス]\n躓いて笑う日も\u3000涙の乾杯も\n命込めて目指す\nやがて同じ場所で眠る\n他人だけの不思議を\n\n[コーラス]\n""好き""を持ったことで 仮の笑みで\n日々を踏みしめて 歩けるようにさ\n孤独の側にある\n勇気に足るもの\n\n[ブリッジ]\n遺らぬ言葉の中に こぼれる記憶の中に\n僕らはいつも居た\n\n[コーラス]\n""好き""を持った日々を ありのままで\n文字にできるなら 気が済むのにな\nまだ やだ\n遠く 脆い\n愛に似た強み\n\n君想った日々を すべて\n乗せて届くように 詰め込んだのだ\n孤独の側にいる\n愛に足る想い\n二人をいま 歩き出す']",51.0,2021-04-27,"[星野源「不思議」歌詞] [イントロ] 君と出会った この水の中で 手を繋いだら 息をしていた ただそう思った [ヴァース 1] 彷徨う心で 額合わせ 口づけした 正座のまま ただそっと笑った [ヴァース 2] 希望あふれた この檻の中で 理由もない 恋がそこにあるまま ただ貴方だった [プリコーラス] 幼い頃の記憶 今夜食べたいもの 何もかもが違う なのになぜ側に居たいの 他人だけにあるもの [コーラス] ''好き''を持った日々を ありのままで 文字にできるなら 気が済むのにな まだ やだ 遠く 脆い 愛に足る想い 瞳にいま 宿り出す [ヴァース 3] きらきらはしゃぐ この地獄の中で 仕様のない身体 抱き締め合った 赤子に戻って [プリコーラス] 躓いて笑う日も 涙の乾杯も 命込めて目指す やがて同じ場所で眠る 他人だけの不思議を [コーラス] ""好き""を持ったことで 仮の笑みで 日々を踏みしめて 歩けるようにさ 孤独の側にある 勇気に足るもの [ブリッジ] 遺らぬ言葉の中に こぼれる記憶の中に 僕らはいつも居た [コーラス] ""好き""を持った日々を ありのままで 文字にできるなら 気が済むのにな まだ やだ 遠く 脆い 愛に似た強み 君想った日々を すべて 乗せて届くように 詰め込んだのだ 孤独の側にいる 愛に足る想い 二人をいま 歩き出す","[3794, 5757, 2023]"
0.486,0.895,1,-5.003,1,0.177,0.236,2.07e-05,0.152,0.591,185.954,audio_features,spotify:track:2wZvuzqGm485UNfwCstU8A,https://api.spotify.com/v1/tracks/2wZvuzqGm485UNfwCstU8A,https://api.spotify.com/v1/audio-analysis/2wZvuzqGm485UNfwCstU8A,286099,4,Universe,Official HIGE DANdism,Universe,2wZvuzqGm485UNfwCstU8A,spotify:artist:5Vo1hnCRmCM6M4thZCInCj,"['anime', 'anime rock', 'j-pop']",[''],41.0,2021-01-09,Error: No lyrics found,"[2110, 4774, 5757]"
0.742,0.524,6,-9.258,1,0.129,0.695,0.000597,0.172,0.683,141.938,audio_features,spotify:track:26Ld7eaE0BYwZVfnE1ZFPL,https://api.spotify.com/v1/tracks/26Ld7eaE0BYwZVfnE1ZFPL,https://api.spotify.com/v1/audio-analysis/26Ld7eaE0BYwZVfnE1ZFPL,206867,4,BLUE feat. kojikoji,LUCKY TAPES,Blend,26Ld7eaE0BYwZVfnE1ZFPL,spotify:artist:7tyrh2CwSnilzMD8olQxcx,"['city pop', 'japanese r&b']",[''],53.0,2020-11-25,Error: No lyrics found,"[5440, 3538]"
0.318,0.902,1,-4.605,1,0.131,0.0116,0.0,0.393,0.437,199.844,audio_features,spotify:track:3IDF7N86lrcWaJEt9C1gbS,https://api.spotify.com/v1/tracks/3IDF7N86lrcWaJEt9C1gbS,https://api.spotify.com/v1/audio-analysis/3IDF7N86lrcWaJEt9C1gbS,240285,4,Cry Baby,Official HIGE DANdism,Cry Baby,3IDF7N86lrcWaJEt9C1gbS,spotify:artist:5Vo1hnCRmCM6M4thZCInCj,"['anime', 'anime rock', 'j-pop']",[''],75.0,2021-05-07,Error: No lyrics found,"[2110, 4774, 5757]"
0.503,0.895,1,-5.706,1,0.154,0.0774,6.15e-06,0.165,0.596,185.976,audio_features,spotify:track:2uCN45we6vuQJIOqzuLO5k,https://api.spotify.com/v1/tracks/2uCN45we6vuQJIOqzuLO5k,https://api.spotify.com/v1/audio-analysis/2uCN45we6vuQJIOqzuLO5k,285813,4,Universe,Official HIGE DANdism,Editorial,2uCN45we6vuQJIOqzuLO5k,spotify:artist:5Vo1hnCRmCM6M4thZCInCj,"['anime', 'anime rock', 'j-pop']",[''],52.0,2021-08-18,Error: No lyrics found,"[2110, 4774, 5757]"
0.566,0.646,11,-8.639,1,0.219,0.26,0.0,0.171,0.622,74.622,audio_features,spotify:track:4mjO91PDIPlY5a9iYu3kzD,https://api.spotify.com/v1/tracks/4mjO91PDIPlY5a9iYu3kzD,https://api.spotify.com/v1/audio-analysis/4mjO91PDIPlY5a9iYu3kzD,201427,4,Bedroom Talk,Official HIGE DANdism,Editorial,4mjO91PDIPlY5a9iYu3kzD,spotify:artist:5Vo1hnCRmCM6M4thZCInCj,"['anime', 'anime rock', 'j-pop']",[''],43.0,2021-08-18,Error: No lyrics found,"[2110, 4774, 5757]"
0.662,0.86,7,-3.534,1,0.0286,0.447,0.0,0.339,0.69,100.016,audio_features,spotify:track:185Wm4Mx09dQG0fUktklDm,https://api.spotify.com/v1/tracks/185Wm4Mx09dQG0fUktklDm,https://api.spotify.com/v1/audio-analysis/185Wm4Mx09dQG0fUktklDm,212401,4,ラブレター,YOASOBI,ラブレター,185Wm4Mx09dQG0fUktklDm,spotify:artist:64tJ2EAv1R6UaZqc4iOCyj,"['j-pop', 'japanese teen pop']",[None],70.0,2021-08-09,Error: No lyrics found,"[5757, 246]"
0.639,0.917,9,-4.845,0,0.0473,0.0385,0.0,0.314,0.765,123.016,audio_features,spotify:track:5EBkv7Vl47e674Yi6Gk7zi,https://api.spotify.com/v1/tracks/5EBkv7Vl47e674Yi6Gk7zi,https://api.spotify.com/v1/audio-analysis/5EBkv7Vl47e674Yi6Gk7zi,219207,4,カーテンコール,yama,カーテンコール,5EBkv7Vl47e674Yi6Gk7zi,spotify:artist:7kOrrFIBIBc8uCu2zbxbLv,"['j-pop', 'japanese teen pop']",[None],53.0,2021-05-28,Error: No lyrics found,"[5757, 246]"
0.718,0.475,7,-11.469,1,0.0611,0.845,0.801,0.105,0.678,157.032,audio_features,spotify:track:4xk70Qur2QeRmWIzWPC63V,https://api.spotify.com/v1/tracks/4xk70Qur2QeRmWIzWPC63V,https://api.spotify.com/v1/audio-analysis/4xk70Qur2QeRmWIzWPC63V,230110,4,踊り子,Vaundy,踊り子,4xk70Qur2QeRmWIzWPC63V,spotify:artist:2IUl3m1H1EQ7QfNbNWvgru,"['j-pop', 'japanese soul']",[None],79.0,2021-11-17,Error: No lyrics found,"[5757, 1224]"
0.488,0.638,8,-4.502,1,0.058,0.0258,2.24e-05,0.12,0.713,207.906,audio_features,spotify:track:6ts1KCOudfDYXYfyWtq0k1,https://api.spotify.com/v1/tracks/6ts1KCOudfDYXYfyWtq0k1,https://api.spotify.com/v1/audio-analysis/6ts1KCOudfDYXYfyWtq0k1,188060,4,おもかげ (produced by Vaundy),milet,おもかげ (produced by Vaundy),6ts1KCOudfDYXYfyWtq0k1,spotify:artist:45ft4DyTCEJfQwTBHXpdhM,['j-pop'],[''],77.0,2021-12-17,Error: No lyrics found,[5757]
0.494,0.613,5,-6.813,1,0.0633,0.00484,0.0,0.115,0.385,159.993,audio_features,spotify:track:3hrxTCRmw5mjaTMQhlryIc,https://api.spotify.com/v1/tracks/3hrxTCRmw5mjaTMQhlryIc,https://api.spotify.com/v1/audio-analysis/3hrxTCRmw5mjaTMQhlryIc,278250,4,しわあわせ,Vaundy,しわあわせ,3hrxTCRmw5mjaTMQhlryIc,spotify:artist:2IUl3m1H1EQ7QfNbNWvgru,"['j-pop', 'japanese soul']",[None],21.0,2021-04-11,Error: No lyrics found,"[5757, 1224]"
0.723,0.578,4,-7.799,1,0.0374,0.361,0.000673,0.0899,0.659,176.09,audio_features,spotify:track:41GHAXwcqJcmP3Y1U4CoiJ,https://api.spotify.com/v1/tracks/41GHAXwcqJcmP3Y1U4CoiJ,https://api.spotify.com/v1/audio-analysis/41GHAXwcqJcmP3Y1U4CoiJ,269667,4,ナイトオンザプラネット,Creep Hyp,夜にしがみついて、朝で溶かして,41GHAXwcqJcmP3Y1U4CoiJ,spotify:artist:6POfB0fHdzXFLWL3RHxLv8,"['j-pop', 'j-rock', 'japanese alternative rock']",[None],60.0,2021-12-08,Error: No lyrics found,"[5757, 1560, 5210]"
0.675,0.5,10,-5.825,1,0.0258,0.3,0.0,0.312,0.773,93.917,audio_features,spotify:track:0ZiO07cHvb675UDaKB1iix,https://api.spotify.com/v1/tracks/0ZiO07cHvb675UDaKB1iix,https://api.spotify.com/v1/audio-analysis/0ZiO07cHvb675UDaKB1iix,235160,4,コイワズライ,Aimer,Sun Dance,0ZiO07cHvb675UDaKB1iix,spotify:artist:0bAsR2unSRpn6BQPEnNlZm,"['anime', 'anime rock', 'j-pixie', 'j-pop', 'j-poprock']",[None],67.0,2019-04-09,Error: No lyrics found,"[2110, 4774, 2847, 5757, 257]"
0.678,0.837,1,-5.367,1,0.0425,0.0129,4.2e-05,0.0711,0.916,100.058,audio_features,spotify:track:6NffEVuGbmTvIpfSS93aMU,https://api.spotify.com/v1/tracks/6NffEVuGbmTvIpfSS93aMU,https://api.spotify.com/v1/audio-analysis/6NffEVuGbmTvIpfSS93aMU,232787,4,地球儀,Aimer,地球儀,6NffEVuGbmTvIpfSS93aMU,spotify:artist:0bAsR2unSRpn6BQPEnNlZm,"['anime', 'anime rock', 'j-pixie', 'j-pop', 'j-poprock']",[None],62.0,2021-03-16,Error: No lyrics found,"[2110, 4774, 2847, 5757, 257]"
0.567,0.497,8,-5.911,1,0.0267,0.314,0.0,0.106,0.293,143.977,audio_features,spotify:track:1VggvibdeX96RwJfbKzief,https://api.spotify.com/v1/tracks/1VggvibdeX96RwJfbKzief,https://api.spotify.com/v1/audio-analysis/1VggvibdeX96RwJfbKzief,338173,4,六等星の夜,Aimer,Sleepless Nights,1VggvibdeX96RwJfbKzief,spotify:artist:0bAsR2unSRpn6BQPEnNlZm,"['anime', 'anime rock', 'j-pixie', 'j-pop', 'j-poprock']",[None],27.0,2012-10-03,Error: No lyrics found,"[2110, 4774, 2847, 5757, 257]"
0.628,0.533,0,-7.235,1,0.0417,0.643,0.0,0.0733,0.459,79.953,audio_features,spotify:track:0J0P8iSE6l3pYHbUdNFYdS,https://api.spotify.com/v1/tracks/0J0P8iSE6l3pYHbUdNFYdS,https://api.spotify.com/v1/audio-analysis/0J0P8iSE6l3pYHbUdNFYdS,193990,4,カメレオン,King Gnu,カメレオン,0J0P8iSE6l3pYHbUdNFYdS,spotify:artist:6wxfx1yhyqjCPYwwxJktR2,['j-pop'],[None],80.0,2022-02-28,Error: No lyrics found,[5757]
0.595,0.909,6,-3.594,0,0.0341,6.4e-05,0.000355,0.387,0.537,118.021,audio_features,spotify:track:5PeXak0Ox3JmH2oor0qnGt,https://api.spotify.com/v1/tracks/5PeXak0Ox3JmH2oor0qnGt,https://api.spotify.com/v1/audio-analysis/5PeXak0Ox3JmH2oor0qnGt,255914,4,恋風邪にのせて,Vaundy,恋風邪にのせて,5PeXak0Ox3JmH2oor0qnGt,spotify:artist:2IUl3m1H1EQ7QfNbNWvgru,"['j-pop', 'japanese soul']",[None],76.0,2022-03-07,Error: No lyrics found,"[5757, 1224]"
