danceability,energy,key,loudness,mode,speechiness,acousticness,instrumentalness,liveness,valence,tempo,type,uri,track_href,analysis_url,duration_ms,time_signature,song_name,artist,album,id,artist_uri,genres,lyrics,popularity,release_date,lyrics_filtered
0.213,0.0656,7,-24.81,1,0.0467,0.992,0.969,0.0699,0.0384,65.023,audio_features,spotify:track:3U8Fx7zNTQrctytkj6Gqgd,https://api.spotify.com/v1/tracks/3U8Fx7zNTQrctytkj6Gqgd,https://api.spotify.com/v1/audio-analysis/3U8Fx7zNTQrctytkj6Gqgd,150147,3,Carnival of the Animals: The Swan,Camille Saint-Saëns,Saint-Saëns: Carnival of the Animals: The Swan,3U8Fx7zNTQrctytkj6Gqgd,spotify:artist:436sYg6CZhNefQJogaXeK0,"['classical', 'french romanticism', 'late romantic era']",[''],66.0,2020-09-25,Error: No lyrics found
0.368,0.00363,1,-36.759,1,0.035,0.993,0.922,0.137,0.085,69.363,audio_features,spotify:track:1L4NadMj3Jj7YgGaikyhfr,https://api.spotify.com/v1/tracks/1L4NadMj3Jj7YgGaikyhfr,https://api.spotify.com/v1/audio-analysis/1L4NadMj3Jj7YgGaikyhfr,254000,3,"6 Consolations, S. 172: No. 3 in D-Flat Major (Lento, placido)",Franz Liszt,Liszt: Dreams of Love; Consolations; Sonnets of Petrarca; Rigoletto Paraphrase,1L4NadMj3Jj7YgGaikyhfr,spotify:artist:1385hLNbrnbCJGokfH2ac2,"['classical', 'late romantic era']",[''],66.0,1992-01-01,Error: No lyrics found
0.339,0.00572,11,-32.309,0,0.0378,0.986,0.923,0.103,0.0616,72.7,audio_features,spotify:track:48i1p3R9l9f7zjcHPJysZZ,https://api.spotify.com/v1/tracks/48i1p3R9l9f7zjcHPJysZZ,https://api.spotify.com/v1/audio-analysis/48i1p3R9l9f7zjcHPJysZZ,198650,3,Wind Song,Ludovico Einaudi,Underwater,48i1p3R9l9f7zjcHPJysZZ,spotify:artist:2uFUBdaVGtyMqckSeCl0Qj,"['bow pop', 'compositional ambient', 'neo-classical']",[''],68.0,2022-01-21,Error: No lyrics found
0.701,0.341,1,-12.26,0,0.0418,0.499,0.903,0.359,0.163,105.513,audio_features,spotify:track:5xbuJuQsTVheVZvX2AJVIv,https://api.spotify.com/v1/tracks/5xbuJuQsTVheVZvX2AJVIv,https://api.spotify.com/v1/audio-analysis/5xbuJuQsTVheVZvX2AJVIv,151507,3,Spring 1,Max Richter,"Recomposed By Max Richter: Vivaldi, The Four Seasons",5xbuJuQsTVheVZvX2AJVIv,spotify:artist:2VZNmg4vCnew4Pavo8zDdW,"['compositional ambient', 'post-minimalism']",[''],71.0,2014-01-01,Error: No lyrics found
0.32,0.00501,1,-33.366,1,0.0455,0.993,0.919,0.0618,0.0383,68.947,audio_features,spotify:track:3hCPh4oVVjaM8tv9sFH8cx,https://api.spotify.com/v1/tracks/3hCPh4oVVjaM8tv9sFH8cx,https://api.spotify.com/v1/audio-analysis/3hCPh4oVVjaM8tv9sFH8cx,294960,5,"Suite bergamasque, L. 75: III. Clair de lune",Alice Sara Ott,Nightfall,3hCPh4oVVjaM8tv9sFH8cx,spotify:artist:0d6alfZHUx3xoRnPjkTL7Q,"['classical performance', 'classical piano', 'german classical piano']",[''],64.0,2018-08-24,Error: No lyrics found
0.33,0.00274,2,-37.342,0,0.0617,0.992,0.908,0.0668,0.188,61.088,audio_features,spotify:track:4tKmydUDl8OIeb7fioEsnl,https://api.spotify.com/v1/tracks/4tKmydUDl8OIeb7fioEsnl,https://api.spotify.com/v1/audio-analysis/4tKmydUDl8OIeb7fioEsnl,143532,4,Sonata No. 42 in D Minor (Arr. Ólafsson),Víkingur Ólafsson,Mozart & Contemporaries,4tKmydUDl8OIeb7fioEsnl,spotify:artist:0iqgjl0OG3z53PZVIB7ZyD,"['classical piano', 'nordic classical piano']",[''],61.0,2021-09-03,Error: No lyrics found
0.364,0.00799,8,-33.09,1,0.0395,0.978,0.894,0.109,0.0674,101.226,audio_features,spotify:track:1eqyKmkcp7b2s1PU9fEZRS,https://api.spotify.com/v1/tracks/1eqyKmkcp7b2s1PU9fEZRS,https://api.spotify.com/v1/audio-analysis/1eqyKmkcp7b2s1PU9fEZRS,216093,4,Full Moon (Arr. Lewin for Guitar),Ludovico Einaudi,Einaudi: Full Moon (Arr. Lewin for Guitar),1eqyKmkcp7b2s1PU9fEZRS,spotify:artist:2uFUBdaVGtyMqckSeCl0Qj,"['bow pop', 'compositional ambient', 'neo-classical']",[''],62.0,2021-04-16,Error: No lyrics found
0.447,0.449,2,-10.634,1,0.0376,0.934,0.961,0.0697,0.036,92.468,audio_features,spotify:track:1BncfTJAWxrsxyT9culBrj,https://api.spotify.com/v1/tracks/1BncfTJAWxrsxyT9culBrj,https://api.spotify.com/v1/audio-analysis/1BncfTJAWxrsxyT9culBrj,315427,4,Experience,Ludovico Einaudi,In A Time Lapse,1BncfTJAWxrsxyT9culBrj,spotify:artist:2uFUBdaVGtyMqckSeCl0Qj,"['bow pop', 'compositional ambient', 'neo-classical']","[""You know\nThe fire is running low\nCan you feel the flame her fading glow\n\nYou know\nWe are slowing down\nI can hear your footsteps drowning up\n\nWe're burning down\nWe're burning down\nWe're the ashes on the ground\nWe're burning down\nWe're burning down\nWe're falling underground\n\nYou are\nYou singing now a song\nBut you heard it somewhere else I know\n\nWe are\nWe're trying to belong\nPick up the pieces left of us\n\nWe're burning down\nWe're burning down\nWe're the ashes on the ground\nWe're burning down\nWe're burning down\nWe're falling underground\n\nIf you can see me running up to you\nYou know\nI've been running in circles around you\nIf you could tell me I was back in time\nYou know\nI've been running in circles for you\n\nWe're burning up\nWe're burning down\nWe're the ashes on the ground\nWe're burning up\nWe're burning down\nWe're falling underground\n\nThe lie has fallen from the stars\nNow your sinking through the night\nOut of sight we're falling underground\nPick up the pieces left of us\n\nIf you can see me running up to you\nWe know ...\nI've been running in circles around you\n\nIf you could tell me I was back in time\nYou know ...\nI've been running in circles for you\n\nWe're burning up\nWe're burning down\nWe're the ashes on the ground\nWe're burning up\nWe're burning down\nWe're falling underground\n\nWe're burning up\nWe're burning down\nWe're the ashes on the ground\nWe're burning up\nWe're burning down\nWe're falling underground\n\nYou know ...\nThe fire is running low ""]",83.0,2013-01-01,know fire running low feel flame fading glow know slowing hear footsteps drowning we're burning we're burning we're ashes ground we're burning we're burning we're falling underground singing song heard somewhere else know we're trying belong pick pieces left us we're burning we're burning we're ashes ground we're burning we're burning we're falling underground see running know i've running circles around could tell back time know i've running circles we're burning we're burning we're ashes ground we're burning we're burning we're falling underground lie fallen stars sinking night sight we're falling underground pick pieces left us see running know ... i've running circles around could tell back time know ... i've running circles we're burning we're burning we're ashes ground we're burning we're burning we're falling underground we're burning we're burning we're ashes ground we're burning we're burning we're falling underground know ... fire running low
0.392,0.0536,4,-23.399,1,0.0571,0.995,0.867,0.0808,0.0417,71.286,audio_features,spotify:track:6YDgMoJ8ssOuKjQ6jiz4Kk,https://api.spotify.com/v1/tracks/6YDgMoJ8ssOuKjQ6jiz4Kk,https://api.spotify.com/v1/audio-analysis/6YDgMoJ8ssOuKjQ6jiz4Kk,234467,4,"12 Études, Op. 10: No. 3 in E Major",Frédéric Chopin,Chopin: Études,6YDgMoJ8ssOuKjQ6jiz4Kk,spotify:artist:7y97mc3bZRFXzT2szRM4L4,"['classical', 'early romantic era', 'polish classical']",[''],58.0,2013-01-01,Error: No lyrics found
0.499,0.351,9,-11.509,0,0.0448,0.951,9.94e-05,0.118,0.616,90.664,audio_features,spotify:track:28XMNc5If5BmJWYDU42gkw,https://api.spotify.com/v1/tracks/28XMNc5If5BmJWYDU42gkw,https://api.spotify.com/v1/audio-analysis/28XMNc5If5BmJWYDU42gkw,235947,4,"Violin Concerto No. 1 in A minor, BWV 1041: I. (Allegro moderato)",Johann Sebastian Bach,J.S. Bach: Violin Concertos Nos. 1 & 2; Partita No. 2,28XMNc5If5BmJWYDU42gkw,spotify:artist:5aIqB5nVVvmFsvSdExz408,"['baroque', 'classical', 'early music', 'german baroque']",[''],65.0,2018-06-08,Error: No lyrics found
0.261,0.0149,1,-27.528,1,0.0419,0.992,0.897,0.102,0.0382,75.296,audio_features,spotify:track:2d6ml9Qkx8r4EjuUyrdpRV,https://api.spotify.com/v1/tracks/2d6ml9Qkx8r4EjuUyrdpRV,https://api.spotify.com/v1/audio-analysis/2d6ml9Qkx8r4EjuUyrdpRV,286987,4,"Nocturne No.1 In B Flat Minor, Op.9 No.1",Frédéric Chopin,Chopin: Nocturnes,2d6ml9Qkx8r4EjuUyrdpRV,spotify:artist:7y97mc3bZRFXzT2szRM4L4,"['classical', 'early romantic era', 'polish classical']",[''],68.0,2005-01-01,Error: No lyrics found
0.384,0.125,10,-22.4,1,0.0315,0.987,0.929,0.112,0.369,80.185,audio_features,spotify:track:0vzSIBAqnN1HzvWrPbh6VF,https://api.spotify.com/v1/tracks/0vzSIBAqnN1HzvWrPbh6VF,https://api.spotify.com/v1/audio-analysis/0vzSIBAqnN1HzvWrPbh6VF,120741,1,Ala,Joep Beving,Ala,0vzSIBAqnN1HzvWrPbh6VF,spotify:artist:2VKfXEWzhUi9siHBDTI02Y,"['compositional ambient', 'neo-classical']",[''],65.0,2019-12-06,Error: No lyrics found
0.116,0.0011,2,-39.982,1,0.0544,0.988,0.227,0.0991,0.0387,70.332,audio_features,spotify:track:2ZrF3UfwS50CKE8jQQVjWj,https://api.spotify.com/v1/tracks/2ZrF3UfwS50CKE8jQQVjWj,https://api.spotify.com/v1/audio-analysis/2ZrF3UfwS50CKE8jQQVjWj,255960,3,Three Postludes (1981/82): Postlude No. 3,Valentin Silvestrov,"Silvestrov: Leggiero, Pesante",2ZrF3UfwS50CKE8jQQVjWj,spotify:artist:1bauOA5U5M3RwH2euX3Eq6,"['ukrainian classical', 'ukrainian classical piano']",[''],55.0,2002-02-19,Error: No lyrics found
0.205,0.129,7,-18.197,1,0.0595,0.968,0.946,0.101,0.296,136.871,audio_features,spotify:track:7N2tmiKcG2bUgZkuRKXor4,https://api.spotify.com/v1/tracks/7N2tmiKcG2bUgZkuRKXor4,https://api.spotify.com/v1/audio-analysis/7N2tmiKcG2bUgZkuRKXor4,169924,4,"Cello Suite No.1 In G Major, BWV 1007: 1. Prélude",Johann Sebastian Bach,"Bach, J.S.: The Cello Suites (2 CDs)",7N2tmiKcG2bUgZkuRKXor4,spotify:artist:5aIqB5nVVvmFsvSdExz408,"['baroque', 'classical', 'early music', 'german baroque']",[''],0.0,2007-01-01,Error: No lyrics found
0.335,0.0287,10,-27.4,1,0.041,0.991,0.888,0.0874,0.0371,67.446,audio_features,spotify:track:6mfmrVSe5Cm7cvsNwW6uJk,https://api.spotify.com/v1/tracks/6mfmrVSe5Cm7cvsNwW6uJk,https://api.spotify.com/v1/audio-analysis/6mfmrVSe5Cm7cvsNwW6uJk,328000,4,"Ave Maria, S. 558 (after Schubert, D. 839)",Franz Liszt,"Liszt: Ave Maria, S. 558 (after Schubert, D. 839)",6mfmrVSe5Cm7cvsNwW6uJk,spotify:artist:1385hLNbrnbCJGokfH2ac2,"['classical', 'late romantic era']",[''],61.0,2021-01-08,Error: No lyrics found
0.334,0.00732,4,-30.908,0,0.0355,0.991,0.952,0.0968,0.0964,60.171,audio_features,spotify:track:64LTn5fTsPR0QLy7bVYl9w,https://api.spotify.com/v1/tracks/64LTn5fTsPR0QLy7bVYl9w,https://api.spotify.com/v1/audio-analysis/64LTn5fTsPR0QLy7bVYl9w,241987,4,"Nocturne No. 19 in E Minor, Op. 72, No. 1",Benjamin Grosvenor,"Benjamin Grosvenor: Chopin, Liszt, Ravel",64LTn5fTsPR0QLy7bVYl9w,spotify:artist:4imd50KIbHcyrStbIuZswj,"['british classical piano', 'classical piano']",[''],65.0,2011-01-01,Error: No lyrics found
0.191,0.0582,8,-25.398,1,0.0578,0.961,0.89,0.0941,0.0454,132.614,audio_features,spotify:track:3weNRklVDqb4Rr5MhKBR3D,https://api.spotify.com/v1/tracks/3weNRklVDqb4Rr5MhKBR3D,https://api.spotify.com/v1/audio-analysis/3weNRklVDqb4Rr5MhKBR3D,357707,1,Nuvole Bianche,Ludovico Einaudi,Una Mattina,3weNRklVDqb4Rr5MhKBR3D,spotify:artist:2uFUBdaVGtyMqckSeCl0Qj,"['bow pop', 'compositional ambient', 'neo-classical']","[""Sine lassala turmire\nIddhra moi nu ppo capire\nNone tie nu nni parlare\nCa nu ssente cchiui 'stu core\nIentu puru tie nu ddire\nIddhra moi nu ppo capire\nTorme torme e nu bbole\nNu nni piace cchiui 'stu core\nQuattru ienti e ieu su sula\nNote mie senza furtuna\nLassala turmire ancora\nLassala cu mmore mprima\nSt'anima senza l'amore\nNone tie nu nni lu tare\nTurse tiempu nu parlare\nPassa tiempu e nu nni tire\n\nTantu tie sai\nQuiddru ca ulìa\nCu succede a nui\nCu te sentu 'ncora qquai\nSulu se uei\nNina se nci stai\nCu ttuerni cu mie\n\nE tie se uei lu core miu stae qquai\nBasta cu cchiuti l'ecchi e poi\nIti lu ttruei\nCantu e pensu te paru a tie\nSuspiri e lacrime\nIeu l'amore nu ttegnu cchiui\nEri tie lu miu bene\n\nIentu lassame 'mpaccire\nIddhra prima o poi 'a turnare\nLassame suffrire sula\nLassame cu scerru 'mprima\nL'anima te mie nde ole\nNone tie lassala fare\nPassa tiempu e nu nni tire\n'ola tie nu te fermare\nSula sula aggiu restare\nLassa cu ddenta nu sule\nIou allu sule a' rimanire\n'ola tie nu te fermare\nIddhra nu mme pote amare\nPassa tiempu e nu parlare\nPassa tiempu e nu nni tire\n\nTantu tie sai\nQuiddhru ca ulìa\nU succede a nnui\nCu tte sentu 'ncora qquai\nSulu se uei\nNina se nci stai\nCu ttuerni cu mie\nE tie se uei cu tuerni rretu sai\nBasta cu cchiuti l'ecchi e poi\nIti me ttruei\n\nCantu e pensu te paru a ttie\nSuspiri e lacrime\nIeu l'amore nu ttegnu cchiui\nEri tie lu miu bene\n\nCantu e pensu te paru a ttie\nSuspiri e lacrime\nIeu l'amore nu ttegnu cchiui\nEri tie lu miu bene""]",77.0,2004-01-01,sine lassala turmire iddhra moi nu ppo capire none tie nu nni parlare ca nu ssente cchiui 'stu core ientu puru tie nu ddire iddhra moi nu ppo capire torme torme e nu bbole nu nni piace cchiui 'stu core quattru ienti e ieu su sula note mie senza furtuna lassala turmire ancora lassala cu mmore mprima st'anima senza l'amore none tie nu nni lu tare turse tiempu nu parlare passa tiempu e nu nni tire tantu tie sai quiddru ca ulìa cu succede nui cu te sentu 'ncora qquai sulu se uei nina se nci stai cu ttuerni cu mie e tie se uei lu core miu stae qquai basta cu cchiuti l'ecchi e poi iti lu ttruei cantu e pensu te paru tie suspiri e lacrime ieu l'amore nu ttegnu cchiui eri tie lu miu bene ientu lassame 'mpaccire iddhra prima poi 'a turnare lassame suffrire sula lassame cu scerru 'mprima l'anima te mie nde ole none tie lassala fare passa tiempu e nu nni tire 'ola tie nu te fermare sula sula aggiu restare lassa cu ddenta nu sule iou allu sule a' rimanire 'ola tie nu te fermare iddhra nu mme pote amare passa tiempu e nu parlare passa tiempu e nu nni tire tantu tie sai quiddhru ca ulìa u succede nnui cu tte sentu 'ncora qquai sulu se uei nina se nci stai cu ttuerni cu mie e tie se uei cu tuerni rretu sai basta cu cchiuti l'ecchi e poi iti ttruei cantu e pensu te paru ttie suspiri e lacrime ieu l'amore nu ttegnu cchiui eri tie lu miu bene cantu e pensu te paru ttie suspiri e lacrime ieu l'amore nu ttegnu cchiui eri tie lu miu bene
0.23,0.0487,5,-27.675,1,0.0412,0.986,0.945,0.0679,0.101,134.839,audio_features,spotify:track:0H2VhGUC3P3hvwz8rdGIpC,https://api.spotify.com/v1/tracks/0H2VhGUC3P3hvwz8rdGIpC,https://api.spotify.com/v1/audio-analysis/0H2VhGUC3P3hvwz8rdGIpC,203656,5,"Bagatelle No. 25 in A Minor, ""Für Elise"", WoO 59",Ludwig van Beethoven,"Beethoven: Bagatelle No. 25 in A Minor, WoO 59 ""Für Elise""",0H2VhGUC3P3hvwz8rdGIpC,spotify:artist:2wOqMjp9TyABvtHdOSOTUS,"['classical', 'classical era', 'early romantic era', 'german romanticism']",[''],62.0,2019-01-18,Error: No lyrics found
0.463,0.155,5,-17.164,1,0.044,0.877,0.261,0.105,0.222,122.437,audio_features,spotify:track:0U69ZvJfshKs1OVIyW1E7B,https://api.spotify.com/v1/tracks/0U69ZvJfshKs1OVIyW1E7B,https://api.spotify.com/v1/audio-analysis/0U69ZvJfshKs1OVIyW1E7B,301720,4,"12 Violin Concertos, Op.8 ""Il cimento dell'armonia e dell' invenzione"" / Concerto No. 3 in F Major for solo violin, ""L'Autunno"" - RV293: 1. Allegro",Antonio Vivaldi,Vivaldi: The Four Seasons,0U69ZvJfshKs1OVIyW1E7B,spotify:artist:2QOIawHpSlOwXDvSqQ9YJR,"['baroque', 'classical', 'early music', 'italian baroque']",[''],8.0,2004-08-01,Error: No lyrics found
0.28,0.104,2,-19.802,1,0.0336,0.935,0.866,0.362,0.176,92.628,audio_features,spotify:track:5qVqMPQdfFywNQIOP7Ncdz,https://api.spotify.com/v1/tracks/5qVqMPQdfFywNQIOP7Ncdz,https://api.spotify.com/v1/audio-analysis/5qVqMPQdfFywNQIOP7Ncdz,310000,4,Canon and Gigue in D major - arr. Max Seiffert: 1. Canon,Berliner Philharmoniker,Herbert von Karajan - Adagio,5qVqMPQdfFywNQIOP7Ncdz,spotify:artist:6uRJnvQ3f8whVnmeoecv5Z,"['german orchestra', 'orchestra']",[''],8.0,1994-01-01,Error: No lyrics found
0.279,0.00461,2,-36.886,0,0.0439,0.989,0.982,0.0638,0.039,69.813,audio_features,spotify:track:41g83Usxjh9TRoxNGGqTTU,https://api.spotify.com/v1/tracks/41g83Usxjh9TRoxNGGqTTU,https://api.spotify.com/v1/audio-analysis/41g83Usxjh9TRoxNGGqTTU,181547,5,"Orfeo ed Euridice, Wq. 30 - Arranged Sgambati / Act 2: Melodie dell'Orfeo",Yuja Wang,Fantasia,41g83Usxjh9TRoxNGGqTTU,spotify:artist:7HUNjWo242UAVHZvj9zk4w,"['chinese classical performance', 'chinese classical piano', 'classical performance', 'classical piano']",[''],6.0,2012-03-01,Error: No lyrics found
0.267,0.0024,1,-42.261,0,0.0531,0.995,0.897,0.0942,0.267,71.428,audio_features,spotify:track:0kckvKwPBjQuVLgwGnICAv,https://api.spotify.com/v1/tracks/0kckvKwPBjQuVLgwGnICAv,https://api.spotify.com/v1/audio-analysis/0kckvKwPBjQuVLgwGnICAv,397773,4,"Piano Sonata No.14 in C-Sharp Minor, Op. 27 No. 2 - ""Moonlight"": I. Adagio sostenuto",Ludwig van Beethoven,"Beethoven: ""Moonlight"" Sonata – The Works",0kckvKwPBjQuVLgwGnICAv,spotify:artist:2wOqMjp9TyABvtHdOSOTUS,"['classical', 'classical era', 'early romantic era', 'german romanticism']",[''],49.0,2012-01-01,Error: No lyrics found
0.191,0.0317,9,-35.616,0,0.0407,0.984,0.888,0.0974,0.142,135.974,audio_features,spotify:track:1mlLOJXeUrwviYpUHYeZE8,https://api.spotify.com/v1/tracks/1mlLOJXeUrwviYpUHYeZE8,https://api.spotify.com/v1/audio-analysis/1mlLOJXeUrwviYpUHYeZE8,150733,3,"Le Carnaval des Animaux, R. 125: 7. Aquarium",Camille Saint-Saëns,Essential Saint-Saëns,1mlLOJXeUrwviYpUHYeZE8,spotify:artist:436sYg6CZhNefQJogaXeK0,"['classical', 'french romanticism', 'late romantic era']",[''],51.0,1995-01-01,Error: No lyrics found
0.379,0.075,0,-20.328,1,0.0408,0.992,0.913,0.106,0.0353,68.232,audio_features,spotify:track:0OrZXWjGgGUuoIoqnLvtJN,https://api.spotify.com/v1/tracks/0OrZXWjGgGUuoIoqnLvtJN,https://api.spotify.com/v1/audio-analysis/0OrZXWjGgGUuoIoqnLvtJN,241187,3,Sometimes I Feel Like a Motherless Child,Samuel Coleridge-Taylor,Coleridge-Taylor: Sometimes I Feel Like a Motherless Child,0OrZXWjGgGUuoIoqnLvtJN,spotify:artist:0fhN6BHa9pN66ZnsrI5NUR,"['light music', 'post-romantic era', 'victorian britain']",[''],55.0,2021-05-21,Error: No lyrics found
0.318,0.0633,6,-23.869,1,0.0507,0.992,0.871,0.0831,0.0384,129.466,audio_features,spotify:track:1GBUqmdRjScFoG0cs8jEGZ,https://api.spotify.com/v1/tracks/1GBUqmdRjScFoG0cs8jEGZ,https://api.spotify.com/v1/audio-analysis/1GBUqmdRjScFoG0cs8jEGZ,199133,3,"Lyric Pieces Book III, Op.43: 6. To Spring",Edvard Grieg,"Grieg: Lyric Pieces Book III, Op.43, 6. To Spring",1GBUqmdRjScFoG0cs8jEGZ,spotify:artist:5ihY290YPGc3aY2xTyx7Gy,"['classical', 'late romantic era', 'norwegian classical']",[''],0.0,2016-09-02,Error: No lyrics found
0.166,0.0551,9,-19.494,0,0.052,0.976,0.635,0.119,0.143,176.616,audio_features,spotify:track:3QPPP2YozZ5xmMmpDB3c9n,https://api.spotify.com/v1/tracks/3QPPP2YozZ5xmMmpDB3c9n,https://api.spotify.com/v1/audio-analysis/3QPPP2YozZ5xmMmpDB3c9n,206520,3,Hallelujah (Arr. Cello & Strings),Sheku Kanneh-Mason,Sheku Kanneh-Mason,3QPPP2YozZ5xmMmpDB3c9n,spotify:artist:6OTr0YwLwGdv7mlmX27hRX,['classical cello'],[''],0.0,2017-02-10,Error: No lyrics found
0.235,0.365,7,-13.864,1,0.0356,0.927,0.907,0.17,0.126,91.187,audio_features,spotify:track:7KrdT8Zk0WGeyNtaCwQR08,https://api.spotify.com/v1/tracks/7KrdT8Zk0WGeyNtaCwQR08,https://api.spotify.com/v1/audio-analysis/7KrdT8Zk0WGeyNtaCwQR08,183667,3,"Die Walküre, WWV 86B - Concert version / Dritter Aufzug: The Ride of the Valkyres",Richard Wagner,Wagner: Der Ring des Nibelungen (orchestral excerpts),7KrdT8Zk0WGeyNtaCwQR08,spotify:artist:1C1x4MVkql8AiABuTw6DgE,"['classical', 'german opera', 'german romanticism', 'late romantic era']",[''],7.0,1983-01-01,Error: No lyrics found
0.203,0.0851,3,-22.127,0,0.049,0.989,0.925,0.113,0.0395,88.582,audio_features,spotify:track:6MgSw0gPRiCeYid2y2BgWS,https://api.spotify.com/v1/tracks/6MgSw0gPRiCeYid2y2BgWS,https://api.spotify.com/v1/audio-analysis/6MgSw0gPRiCeYid2y2BgWS,317831,4,"Morceaux de Fantaisie, Op.3: No.1 Elégie",Sergei Rachmaninoff,"Rachmaninov: Morceaux de Fantaisie, Op.3, No.1: Elégie",6MgSw0gPRiCeYid2y2BgWS,spotify:artist:0Kekt6CKSo0m5mivKcoH51,"['classical', 'post-romantic era', 'russian romanticism', 'ukrainian classical']",[''],7.0,2017-08-01,Error: No lyrics found
0.456,0.456,11,-16.055,0,0.0535,0.973,0.353,0.186,0.974,144.489,audio_features,spotify:track:4XJXYvjW0CB2MLMk8l7Vdi,https://api.spotify.com/v1/tracks/4XJXYvjW0CB2MLMk8l7Vdi,https://api.spotify.com/v1/audio-analysis/4XJXYvjW0CB2MLMk8l7Vdi,210680,3,"Partita for Violin Solo No. 1 in B Minor, BWV 1002: 4. Double. Presto",Johann Sebastian Bach,"Bach, J.S.: Partita for Violin Solo No. 1 in B Minor, BWV 1002: 4. Double (Presto)",4XJXYvjW0CB2MLMk8l7Vdi,spotify:artist:5aIqB5nVVvmFsvSdExz408,"['baroque', 'classical', 'early music', 'german baroque']",[''],54.0,2018-06-22,Error: No lyrics found
0.33,0.00922,10,-30.88,1,0.0412,0.993,0.953,0.102,0.0715,133.121,audio_features,spotify:track:1GCpKbwGqAwleD1GK31zT0,https://api.spotify.com/v1/tracks/1GCpKbwGqAwleD1GK31zT0,https://api.spotify.com/v1/audio-analysis/1GCpKbwGqAwleD1GK31zT0,242587,3,"Nocturne No.2 In E Flat, Op.9 No.2",Frédéric Chopin,Chopin: Nocturnes,1GCpKbwGqAwleD1GK31zT0,spotify:artist:7y97mc3bZRFXzT2szRM4L4,"['classical', 'early romantic era', 'polish classical']",[''],0.0,2005-01-01,Error: No lyrics found
0.175,0.0385,6,-27.916,0,0.0385,0.931,0.919,0.116,0.0761,81.177,audio_features,spotify:track:687dYpD7d1LTkxSA4H1Qzd,https://api.spotify.com/v1/tracks/687dYpD7d1LTkxSA4H1Qzd,https://api.spotify.com/v1/audio-analysis/687dYpD7d1LTkxSA4H1Qzd,314893,4,"Pavane, Op.50",Gabriel Fauré,Fauré: Requiem; Pavane,687dYpD7d1LTkxSA4H1Qzd,spotify:artist:2gClsBep1tt1rv1CN210SO,"['classical', 'post-romantic era']",[''],6.0,2008-01-01,Error: No lyrics found
0.221,0.0612,0,-21.344,1,0.0392,0.97,0.491,0.0661,0.0692,104.181,audio_features,spotify:track:67XXdBK80hV7APXgWwb3jg,https://api.spotify.com/v1/tracks/67XXdBK80hV7APXgWwb3jg,https://api.spotify.com/v1/audio-analysis/67XXdBK80hV7APXgWwb3jg,329653,3,"Preghiera (Arr. By Fritz Kreisler From Piano Concerto No. 2 In C Minor, Op. 18, 2nd Movement)",Sergei Rachmaninoff,Preghiera - Rachmaninov Piano Trios,67XXdBK80hV7APXgWwb3jg,spotify:artist:0Kekt6CKSo0m5mivKcoH51,"['classical', 'post-romantic era', 'russian romanticism', 'ukrainian classical']",[''],0.0,2017-02-24,Error: No lyrics found
0.303,0.00958,8,-28.556,1,0.054,0.991,0.953,0.109,0.212,72.204,audio_features,spotify:track:7elLKWtTEMCbOmYZ37ci9r,https://api.spotify.com/v1/tracks/7elLKWtTEMCbOmYZ37ci9r,https://api.spotify.com/v1/audio-analysis/7elLKWtTEMCbOmYZ37ci9r,264845,5,Temple White,Ludovico Einaudi,Underwater,7elLKWtTEMCbOmYZ37ci9r,spotify:artist:2uFUBdaVGtyMqckSeCl0Qj,"['bow pop', 'compositional ambient', 'neo-classical']",[''],66.0,2022-01-21,Error: No lyrics found
0.124,0.0802,2,-25.99,1,0.045,0.923,0.932,0.16,0.0577,96.644,audio_features,spotify:track:7rIWt3zlh2ntF1XDzj3wee,https://api.spotify.com/v1/tracks/7rIWt3zlh2ntF1XDzj3wee,https://api.spotify.com/v1/audio-analysis/7rIWt3zlh2ntF1XDzj3wee,365000,4,"Suite No.3 In D, BWV 1068: 2. Air",Berliner Philharmoniker,Herbert von Karajan - Adagio,7rIWt3zlh2ntF1XDzj3wee,spotify:artist:6uRJnvQ3f8whVnmeoecv5Z,"['german orchestra', 'orchestra']",[''],0.0,1994-01-01,Error: No lyrics found
0.0786,0.227,4,-16.041,0,0.041,0.919,0.924,0.138,0.056,69.884,audio_features,spotify:track:2XRnbXXt4vdrPdI3QL8Lym,https://api.spotify.com/v1/tracks/2XRnbXXt4vdrPdI3QL8Lym,https://api.spotify.com/v1/audio-analysis/2XRnbXXt4vdrPdI3QL8Lym,185440,4,"Swan Lake (Suite), Op.20a, TH 219: 1. Scene - Swan Theme",Berliner Philharmoniker,Tchaikovsky: Ballet Suites (Swan Lake; The Sleeping Beauty; The Nutcraker),2XRnbXXt4vdrPdI3QL8Lym,spotify:artist:6uRJnvQ3f8whVnmeoecv5Z,"['german orchestra', 'orchestra']",[''],0.0,1996-01-01,Error: No lyrics found
0.0746,0.0327,0,-27.191,0,0.0412,0.959,0.886,0.087,0.0504,75.083,audio_features,spotify:track:7lY6qt63y0Ag5lpHMVglLo,https://api.spotify.com/v1/tracks/7lY6qt63y0Ag5lpHMVglLo,https://api.spotify.com/v1/audio-analysis/7lY6qt63y0Ag5lpHMVglLo,403333,3,"Symphony No.3 in F, Op.90: 3. Poco allegretto",Johannes Brahms,Brahms: Symphonies Nos. 1-4; Overtures; Haydn Variations,7lY6qt63y0Ag5lpHMVglLo,spotify:artist:5wTAi7QkpP6kp8a54lmTOq,"['classical', 'german romanticism', 'late romantic era']",[''],50.0,1976-01-01,Error: No lyrics found
0.42,0.0876,3,-28.052,1,0.0425,0.995,0.9,0.102,0.278,82.496,audio_features,spotify:track:5xVcnhVL0AwcOgbpuxTu6W,https://api.spotify.com/v1/tracks/5xVcnhVL0AwcOgbpuxTu6W,https://api.spotify.com/v1/audio-analysis/5xVcnhVL0AwcOgbpuxTu6W,266213,4,"Widerstehe doch der Sünde, BWV 54 (Transcr. by Víkingur Ólafsson)",Johann Sebastian Bach,Johann Sebastian Bach,5xVcnhVL0AwcOgbpuxTu6W,spotify:artist:5aIqB5nVVvmFsvSdExz408,"['baroque', 'classical', 'early music', 'german baroque']",[''],57.0,2018-09-07,Error: No lyrics found
0.115,0.0422,8,-24.137,1,0.0404,0.966,0.919,0.0896,0.037,87.855,audio_features,spotify:track:4QfYHdV8hMoyS9qKUct98q,https://api.spotify.com/v1/tracks/4QfYHdV8hMoyS9qKUct98q,https://api.spotify.com/v1/audio-analysis/4QfYHdV8hMoyS9qKUct98q,455467,3,"Elégie in C Minor, Op. 24 (Arr. Parkin)",Gabriel Fauré,"Elégie in C Minor, Op. 24 (Arr. Parkin)",4QfYHdV8hMoyS9qKUct98q,spotify:artist:2gClsBep1tt1rv1CN210SO,"['classical', 'post-romantic era']",[''],0.0,2019-11-28,Error: No lyrics found
0.393,0.0152,4,-30.793,0,0.0437,0.995,0.906,0.075,0.164,75.084,audio_features,spotify:track:1hX3yoGAJypm6dMMWLoyKo,https://api.spotify.com/v1/tracks/1hX3yoGAJypm6dMMWLoyKo,https://api.spotify.com/v1/audio-analysis/1hX3yoGAJypm6dMMWLoyKo,161293,4,"Goldberg Variations, BWV 988: Aria - Edit",Johann Sebastian Bach,"Bach: Goldberg Variations, BWV 988: Aria",1hX3yoGAJypm6dMMWLoyKo,spotify:artist:5aIqB5nVVvmFsvSdExz408,"['baroque', 'classical', 'early music', 'german baroque']",[''],52.0,2020-07-10,Error: No lyrics found
0.425,0.00472,7,-37.89,1,0.0479,0.996,0.953,0.0985,0.484,81.93,audio_features,spotify:track:4nd6FMCfNFWkbi2dnsf5I3,https://api.spotify.com/v1/tracks/4nd6FMCfNFWkbi2dnsf5I3,https://api.spotify.com/v1/audio-analysis/4nd6FMCfNFWkbi2dnsf5I3,190560,3,3 Gymnopédies: No. 1 in D Major: Lent et douloureux,Erik Satie,Satie: 3 Gymnopédies; 6 Gnossiennes etc.,4nd6FMCfNFWkbi2dnsf5I3,spotify:artist:459INk8vcC0ebEef82WjIK,"['classical', 'early avant garde', 'early modern classical', 'impressionism', 'post-romantic era']",[''],61.0,1984-01-01,Error: No lyrics found
0.0869,0.0587,3,-22.846,1,0.0397,0.929,0.762,0.113,0.0372,86.027,audio_features,spotify:track:3NrOSg735np3PW8OEvt5F8,https://api.spotify.com/v1/tracks/3NrOSg735np3PW8OEvt5F8,https://api.spotify.com/v1/audio-analysis/3NrOSg735np3PW8OEvt5F8,225133,4,"Variations on an Original Theme, Op.36 ""Enigma"": 9. Nimrod (Adagio)",Edward Elgar,Elgar: Enigma Variations; Pomp & Circumstance Marches; Serenade for Strings,3NrOSg735np3PW8OEvt5F8,spotify:artist:430byzy0c5bPn5opiu0SRd,"['british modern classical', 'classical', 'late romantic era', 'victorian britain']",[''],48.0,2001-01-01,Error: No lyrics found
0.307,0.0515,4,-28.493,0,0.0324,0.708,0.631,0.42,0.154,128.056,audio_features,spotify:track:5xm20JNLHy9vUVrnmZS6Uj,https://api.spotify.com/v1/tracks/5xm20JNLHy9vUVrnmZS6Uj,https://api.spotify.com/v1/audio-analysis/5xm20JNLHy9vUVrnmZS6Uj,125533,4,"The Nutcracker, Op. 71, TH.14 / Act 2: No. 14c Pas de deux: Variation II (Dance of the Sugar-Plum Fairy)",Pyotr Ilyich Tchaikovsky,Tchaikovsky: The Nutcracker,5xm20JNLHy9vUVrnmZS6Uj,spotify:artist:3MKCzCnpzw3TjUYs2v7vDA,"['classical', 'late romantic era', 'russian romanticism']",[''],54.0,1998-10-05,Error: No lyrics found
0.07,0.0724,4,-25.949,0,0.0404,0.946,0.896,0.286,0.0369,75.52,audio_features,spotify:track:5CBzaWVsJgl4DD1oNInz9b,https://api.spotify.com/v1/tracks/5CBzaWVsJgl4DD1oNInz9b,https://api.spotify.com/v1/audio-analysis/5CBzaWVsJgl4DD1oNInz9b,327600,4,"Vocalise, Op.34, No.14",Sergei Rachmaninoff,"Rachmaninoff: Symphonic Dances, Op.45; Intermezzo ""Aleko""; Vocalise, Op.34",5CBzaWVsJgl4DD1oNInz9b,spotify:artist:0Kekt6CKSo0m5mivKcoH51,"['classical', 'post-romantic era', 'russian romanticism', 'ukrainian classical']",[''],0.0,1984-01-01,Error: No lyrics found
0.326,0.0436,5,-30.607,0,0.0407,0.995,0.908,0.0997,0.458,70.121,audio_features,spotify:track:7zv2BCCUu8bwd9fo9BA8IK,https://api.spotify.com/v1/tracks/7zv2BCCUu8bwd9fo9BA8IK,https://api.spotify.com/v1/audio-analysis/7zv2BCCUu8bwd9fo9BA8IK,248293,4,"Das Wohltemperierte Klavier: Book 2, BWV 870-893: Präludium f-Moll, BWV 881",Johann Sebastian Bach,J.S. Bach: Das Wohltemperierte Clavier,7zv2BCCUu8bwd9fo9BA8IK,spotify:artist:5aIqB5nVVvmFsvSdExz408,"['baroque', 'classical', 'early music', 'german baroque']",[''],52.0,2012-08-24,Error: No lyrics found
0.274,0.167,9,-15.996,1,0.0431,0.634,0.939,0.104,0.0408,113.631,audio_features,spotify:track:7cp3lHAPGcUbb7tJP0kuxl,https://api.spotify.com/v1/tracks/7cp3lHAPGcUbb7tJP0kuxl,https://api.spotify.com/v1/audio-analysis/7cp3lHAPGcUbb7tJP0kuxl,334553,4,Infra 5 - Orchestra Version,Max Richter,Exiles,7cp3lHAPGcUbb7tJP0kuxl,spotify:artist:2VZNmg4vCnew4Pavo8zDdW,"['compositional ambient', 'post-minimalism']",[''],57.0,2021-08-06,Error: No lyrics found
0.149,0.101,2,-19.935,0,0.0342,0.984,0.917,0.184,0.0486,79.567,audio_features,spotify:track:4Lpe7VxL34rcMnpfOwoqOI,https://api.spotify.com/v1/tracks/4Lpe7VxL34rcMnpfOwoqOI,https://api.spotify.com/v1/audio-analysis/4Lpe7VxL34rcMnpfOwoqOI,202000,4,"Requiem in D Minor, K.626: III. Sequentia: f. Lacrimosa",Wolfgang Amadeus Mozart,"Mozart: Requiem; ""Coronation Mass""",4Lpe7VxL34rcMnpfOwoqOI,spotify:artist:4NJhFmfw43RLBLjQvxDuRS,"['classical', 'classical era']",[''],52.0,2007-01-01,Error: No lyrics found
0.0958,0.322,10,-13.753,0,0.0458,0.159,0.855,0.105,0.0332,87.339,audio_features,spotify:track:58vWVeAtv2LKwlYyRLPWV5,https://api.spotify.com/v1/tracks/58vWVeAtv2LKwlYyRLPWV5,https://api.spotify.com/v1/audio-analysis/58vWVeAtv2LKwlYyRLPWV5,374400,3,On the Nature of Daylight,Max Richter,Voyager - Essential Max Richter,58vWVeAtv2LKwlYyRLPWV5,spotify:artist:2VZNmg4vCnew4Pavo8zDdW,"['compositional ambient', 'post-minimalism']",[''],53.0,2019-10-04,Error: No lyrics found
0.377,0.0105,6,-32.994,1,0.0426,0.994,0.895,0.0638,0.0996,76.055,audio_features,spotify:track:3vSOD8Ng5m8eLH4EhoJcTL,https://api.spotify.com/v1/tracks/3vSOD8Ng5m8eLH4EhoJcTL,https://api.spotify.com/v1/audio-analysis/3vSOD8Ng5m8eLH4EhoJcTL,143806,3,"Préludes / Book 1, L. 117: VIII. La fille aux cheveux de lin",Claude Debussy,"Debussy: Préludes / Book 1, L. 117: 8. La fille aux cheveux de lin",3vSOD8Ng5m8eLH4EhoJcTL,spotify:artist:1Uff91EOsvd99rtAupatMP,"['classical', 'impressionism', 'post-romantic era']",[''],52.0,2020-02-21,Error: No lyrics found
0.0863,0.201,4,-14.365,0,0.0355,0.915,0.943,0.113,0.0398,74.351,audio_features,spotify:track:02xd7yuAEiLOF7rt4zlPep,https://api.spotify.com/v1/tracks/02xd7yuAEiLOF7rt4zlPep,https://api.spotify.com/v1/audio-analysis/02xd7yuAEiLOF7rt4zlPep,285251,3,River Flows in You - Orchestra Version,Yiruma,The Rewritten Memories,02xd7yuAEiLOF7rt4zlPep,spotify:artist:0fauHpmSHwodVYIjTqOGHz,"['korean instrumental', 'neo-classical', 'new age piano']",[''],61.0,2021-03-26,Error: No lyrics found
0.355,0.00708,10,-33.07,1,0.0504,0.985,0.961,0.0903,0.16,63.731,audio_features,spotify:track:6dxs9Sv6Ic3oQ3tl6Hozi2,https://api.spotify.com/v1/tracks/6dxs9Sv6Ic3oQ3tl6Hozi2,https://api.spotify.com/v1/audio-analysis/6dxs9Sv6Ic3oQ3tl6Hozi2,173576,4,Almost June,Ludovico Einaudi,Underwater,6dxs9Sv6Ic3oQ3tl6Hozi2,spotify:artist:2uFUBdaVGtyMqckSeCl0Qj,"['bow pop', 'compositional ambient', 'neo-classical']",[''],64.0,2022-01-21,Error: No lyrics found
0.335,0.0118,1,-23.89,1,0.0406,0.992,0.933,0.085,0.0805,91.146,audio_features,spotify:track:5wDBBKEIiDYwPQj4SpbBPI,https://api.spotify.com/v1/tracks/5wDBBKEIiDYwPQj4SpbBPI,https://api.spotify.com/v1/audio-analysis/5wDBBKEIiDYwPQj4SpbBPI,290933,4,"24 Préludes, Op. 28: No. 15 in D-Flat Major: Sostenuto",Frédéric Chopin,Chopin: Preludes; Sonata No.2,5wDBBKEIiDYwPQj4SpbBPI,spotify:artist:7y97mc3bZRFXzT2szRM4L4,"['classical', 'early romantic era', 'polish classical']",[''],51.0,2002-01-01,Error: No lyrics found
0.294,0.305,0,-15.623,0,0.0386,0.955,0.912,0.0989,0.187,96.574,audio_features,spotify:track:4v3o4IJt1VRDNiM2LCoOXV,https://api.spotify.com/v1/tracks/4v3o4IJt1VRDNiM2LCoOXV,https://api.spotify.com/v1/audio-analysis/4v3o4IJt1VRDNiM2LCoOXV,442000,4,"Symphony No.5 In C Minor, Op.67: 1. Allegro con brio",Ludwig van Beethoven,Beethoven: Symphonies Nos.5 & 7,4v3o4IJt1VRDNiM2LCoOXV,spotify:artist:2wOqMjp9TyABvtHdOSOTUS,"['classical', 'classical era', 'early romantic era', 'german romanticism']",['[Instrumental track]'],0.0,1995-01-01,[instrumental track]
0.491,0.0759,10,-25.558,1,0.0485,0.988,0.943,0.128,0.549,98.595,audio_features,spotify:track:1gK2cDl2dY7DFUEXvoMms6,https://api.spotify.com/v1/tracks/1gK2cDl2dY7DFUEXvoMms6,https://api.spotify.com/v1/audio-analysis/1gK2cDl2dY7DFUEXvoMms6,52929,5,"Variations and Fugue on a Theme by Handel, Op.24: Aria - Live",Johannes Brahms,Schumann: Piano Concerto / Brahms: Variations & Fugue on a Theme by Handel (Live In Vienna),1gK2cDl2dY7DFUEXvoMms6,spotify:artist:5wTAi7QkpP6kp8a54lmTOq,"['classical', 'german romanticism', 'late romantic era']",[''],0.0,2018-03-09,Error: No lyrics found
0.307,0.036,2,-28.755,0,0.0522,0.995,0.801,0.0941,0.171,138.26,audio_features,spotify:track:5Gm2tHCFTzb0vHZfReSr5f,https://api.spotify.com/v1/tracks/5Gm2tHCFTzb0vHZfReSr5f,https://api.spotify.com/v1/audio-analysis/5Gm2tHCFTzb0vHZfReSr5f,211440,3,Opus 18 - Silfur Version,Dustin O'Halloran,Silfur,5Gm2tHCFTzb0vHZfReSr5f,spotify:artist:6UEYawMcp2M4JFoXVOtZEq,"['compositional ambient', 'neo-classical']",[''],54.0,2021-06-11,Error: No lyrics found
0.172,0.0108,7,-27.061,1,0.0399,0.897,0.927,0.257,0.0988,114.762,audio_features,spotify:track:6SAZljHhCrFcqtVe1AQ0ED,https://api.spotify.com/v1/tracks/6SAZljHhCrFcqtVe1AQ0ED,https://api.spotify.com/v1/audio-analysis/6SAZljHhCrFcqtVe1AQ0ED,368000,3,"Valse triste, Op.44",Berliner Philharmoniker,Herbert von Karajan - Adagio,6SAZljHhCrFcqtVe1AQ0ED,spotify:artist:6uRJnvQ3f8whVnmeoecv5Z,"['german orchestra', 'orchestra']",[''],0.0,1994-01-01,Error: No lyrics found
0.197,0.422,0,-13.065,1,0.0423,0.513,0.555,0.284,0.0948,94.018,audio_features,spotify:track:31BLOz0XDJPPDKI94Gd14v,https://api.spotify.com/v1/tracks/31BLOz0XDJPPDKI94Gd14v,https://api.spotify.com/v1/audio-analysis/31BLOz0XDJPPDKI94Gd14v,385070,4,"Main Title - From ""Star Wars: A New Hope""",John Williams,John Williams in Vienna,31BLOz0XDJPPDKI94Gd14v,spotify:artist:3dRfiJ2650SZu6GbydcHNb,"['orchestral soundtrack', 'soundtrack']","[""Candles in the window\nShadows painting the ceiling\nGazing at the fire glow\nFeeling that gingerbread feeling\n\nPrecious moments\nSpecial people\nHappy faces\nI can see\n\nSomewhere in my mem'ry\nChristmas joys all around me\nLiving in my mem'ry\nAll of the music, all of the magic\nAll of the fam'ly home here with me""]",50.0,2020-08-14,candles window shadows painting ceiling gazing fire glow feeling gingerbread feeling precious moments special people happy faces see somewhere mem'ry christmas joys around living mem'ry music magic fam'ly home
0.457,0.28,1,-14.516,0,0.0359,0.0444,0.95,0.264,0.12,108.487,audio_features,spotify:track:2B3o5ddgGObs1M0CGkdTr9,https://api.spotify.com/v1/tracks/2B3o5ddgGObs1M0CGkdTr9,https://api.spotify.com/v1/audio-analysis/2B3o5ddgGObs1M0CGkdTr9,152095,4,Spring 1 - 2022,Max Richter,Spring 1 (2022),2B3o5ddgGObs1M0CGkdTr9,spotify:artist:2VZNmg4vCnew4Pavo8zDdW,"['compositional ambient', 'post-minimalism']",[''],60.0,2022-03-25,Error: No lyrics found
0.0875,0.112,2,-22.576,0,0.0471,0.966,0.39,0.0931,0.0394,68.218,audio_features,spotify:track:33DWEcHqtj1w5rnghLE77x,https://api.spotify.com/v1/tracks/33DWEcHqtj1w5rnghLE77x,https://api.spotify.com/v1/audio-analysis/33DWEcHqtj1w5rnghLE77x,223173,3,Schindler's List: Main Theme,Janine Jansen,Janine Jansen,33DWEcHqtj1w5rnghLE77x,spotify:artist:00hfOKuZEhvKKNXmVdb1We,"['classical performance', 'violin']",[''],52.0,2003-01-01,Error: No lyrics found
0.203,0.00733,7,-36.605,1,0.0402,0.959,0.877,0.104,0.0806,62.017,audio_features,spotify:track:4CBIdJ5o1XyMlkUg4jOHWg,https://api.spotify.com/v1/tracks/4CBIdJ5o1XyMlkUg4jOHWg,https://api.spotify.com/v1/audio-analysis/4CBIdJ5o1XyMlkUg4jOHWg,241800,4,"Andante Spianato & Grande Polonaise Brillante in G Major / E Flat Major, Op. 22: 1. Andante spianato",Benjamin Grosvenor,Dances,4CBIdJ5o1XyMlkUg4jOHWg,spotify:artist:4imd50KIbHcyrStbIuZswj,"['british classical piano', 'classical piano']",[''],47.0,2012-01-01,Error: No lyrics found
0.42,0.0104,5,-23.544,0,0.0371,0.991,0.9,0.116,0.106,105.724,audio_features,spotify:track:5WBx4EIlqIp7uSsPHK2Vsr,https://api.spotify.com/v1/tracks/5WBx4EIlqIp7uSsPHK2Vsr,https://api.spotify.com/v1/audio-analysis/5WBx4EIlqIp7uSsPHK2Vsr,299467,4,Halston,Stephan Moccio,Lionheart,5WBx4EIlqIp7uSsPHK2Vsr,spotify:artist:25s9H1JQmTu3iuFzpXWUIg,['background piano'],[''],54.0,2021-10-15,Error: No lyrics found
0.202,0.174,4,-12.877,0,0.048,0.903,0.868,0.184,0.0386,126.118,audio_features,spotify:track:4JXppv83zXXt1tNs4MsXd6,https://api.spotify.com/v1/tracks/4JXppv83zXXt1tNs4MsXd6,https://api.spotify.com/v1/audio-analysis/4JXppv83zXXt1tNs4MsXd6,186469,4,White Flowers Take Their Bath,Meredi,Meredi: White Flowers Take Their Bath,4JXppv83zXXt1tNs4MsXd6,spotify:artist:3JIwUwScCrI3OUwj50CT1H,[],[''],48.0,2022-03-25,Error: No lyrics found
0.391,0.0939,8,-25.725,0,0.0531,0.982,0.933,0.107,0.101,127.162,audio_features,spotify:track:7i9cdG6l1lg0xAraTublsw,https://api.spotify.com/v1/tracks/7i9cdG6l1lg0xAraTublsw,https://api.spotify.com/v1/audio-analysis/7i9cdG6l1lg0xAraTublsw,142638,4,"Valse in A Minor, KK IVb, No. 11 (B. 150) (Version for Harp in A Flat Minor)",Frédéric Chopin,"Chopin: Valse in A Minor, KK IVb, No. 11 (B. 150) (Version for Harp in A Flat Minor)",7i9cdG6l1lg0xAraTublsw,spotify:artist:7y97mc3bZRFXzT2szRM4L4,"['classical', 'early romantic era', 'polish classical']",[''],62.0,2021-05-07,Error: No lyrics found
0.302,0.183,3,-14.139,1,0.044,0.808,0.0198,0.17,0.111,99.064,audio_features,spotify:track:65J9Ep6oWjSgyJ8MFChjWl,https://api.spotify.com/v1/tracks/65J9Ep6oWjSgyJ8MFChjWl,https://api.spotify.com/v1/audio-analysis/65J9Ep6oWjSgyJ8MFChjWl,168013,4,"Nulla in mundo pax, R.630: 1. Nulla in mundo pax sincera",Various Artists,Baroque Adagios,65J9Ep6oWjSgyJ8MFChjWl,spotify:artist:0LyfQWJT6nXafLPZqxe9Of,[],[''],50.0,2002-01-01,Error: No lyrics found
0.607,0.323,9,-17.426,1,0.0416,0.938,0.933,0.274,0.891,117.574,audio_features,spotify:track:6Ntsj2X8cjYHoG9ykImLsT,https://api.spotify.com/v1/tracks/6Ntsj2X8cjYHoG9ykImLsT,https://api.spotify.com/v1/audio-analysis/6Ntsj2X8cjYHoG9ykImLsT,188000,4,"Solomon, HWV 67 / Act III: Sinfonia ""The Arrival of the Queen of Sheba""",George Frideric Handel,Handel: Music for the Royal Fireworks,6Ntsj2X8cjYHoG9ykImLsT,spotify:artist:1QL7yTHrdahRMpvNtn6rI2,"['baroque', 'classical', 'early music', 'english baroque', 'german baroque']",[''],52.0,1995-01-01,Error: No lyrics found
0.307,0.00229,1,-34.977,1,0.0519,0.992,0.931,0.098,0.281,67.775,audio_features,spotify:track:5RWA30VaTsYkFrkzxKL3aK,https://api.spotify.com/v1/tracks/5RWA30VaTsYkFrkzxKL3aK,https://api.spotify.com/v1/audio-analysis/5RWA30VaTsYkFrkzxKL3aK,283280,5,Luminous,Ludovico Einaudi,Luminous,5RWA30VaTsYkFrkzxKL3aK,spotify:artist:2uFUBdaVGtyMqckSeCl0Qj,"['bow pop', 'compositional ambient', 'neo-classical']",[''],68.0,2021-10-15,Error: No lyrics found
0.175,0.212,6,-14.073,1,0.0374,0.85,0.86,0.0979,0.128,132.026,audio_features,spotify:track:47kA4ykK0Rlwjf8oV2HMo7,https://api.spotify.com/v1/tracks/47kA4ykK0Rlwjf8oV2HMo7,https://api.spotify.com/v1/audio-analysis/47kA4ykK0Rlwjf8oV2HMo7,277853,3,amour,Jean-Michel Blais,aubades,47kA4ykK0Rlwjf8oV2HMo7,spotify:artist:2uHlq6ERoXk8dqRZmq2OEr,['compositional ambient'],[''],57.0,2022-02-04,Error: No lyrics found
0.447,0.327,4,-16.489,1,0.0432,0.864,0.0224,0.085,0.565,100.439,audio_features,spotify:track:0EnEULk14Oso59QtQHVUoC,https://api.spotify.com/v1/tracks/0EnEULk14Oso59QtQHVUoC,https://api.spotify.com/v1/audio-analysis/0EnEULk14Oso59QtQHVUoC,445624,4,"Violin Concerto No. 2 in E, BWV 1042: 1. Allegro",Johann Sebastian Bach,Bach Concertos,0EnEULk14Oso59QtQHVUoC,spotify:artist:5aIqB5nVVvmFsvSdExz408,"['baroque', 'classical', 'early music', 'german baroque']",[''],48.0,2013-01-01,Error: No lyrics found
0.447,0.0159,2,-25.612,0,0.063,0.995,0.933,0.195,0.107,131.542,audio_features,spotify:track:1YluEbLfaWBfV2GpQQLOcZ,https://api.spotify.com/v1/tracks/1YluEbLfaWBfV2GpQQLOcZ,https://api.spotify.com/v1/audio-analysis/1YluEbLfaWBfV2GpQQLOcZ,236467,4,"Nocturne No. 6 in G Minor, Op. 15 No. 3",Frédéric Chopin,Chopin: Nocturnes,1YluEbLfaWBfV2GpQQLOcZ,spotify:artist:7y97mc3bZRFXzT2szRM4L4,"['classical', 'early romantic era', 'polish classical']",[''],58.0,1982-01-01,Error: No lyrics found
0.414,0.0454,1,-28.278,1,0.0421,0.992,0.891,0.104,0.0388,69.508,audio_features,spotify:track:2Fqi28vvtFUjKSCrKGUg4i,https://api.spotify.com/v1/tracks/2Fqi28vvtFUjKSCrKGUg4i,https://api.spotify.com/v1/audio-analysis/2Fqi28vvtFUjKSCrKGUg4i,339893,4,"Berceuse in D-Flat Major, Op. 57",Frédéric Chopin,"Chopin: Berceuse in D-Flat Major, Op. 57",2Fqi28vvtFUjKSCrKGUg4i,spotify:artist:7y97mc3bZRFXzT2szRM4L4,"['classical', 'early romantic era', 'polish classical']",[''],56.0,2022-01-28,Error: No lyrics found
0.0745,0.00696,3,-39.507,1,0.0434,0.994,0.915,0.071,0.0846,213.087,audio_features,spotify:track:2XYEu7Deyz20WeL6Py3XLc,https://api.spotify.com/v1/tracks/2XYEu7Deyz20WeL6Py3XLc,https://api.spotify.com/v1/audio-analysis/2XYEu7Deyz20WeL6Py3XLc,464453,3,Glassworks: Opening,Philip Glass,Philip Glass: Piano Works,2XYEu7Deyz20WeL6Py3XLc,spotify:artist:69lxxQvsfAIoQbB20bEPFC,"['american contemporary classical', 'classical', 'compositional ambient', 'contemporary classical', 'minimalism']",[''],57.0,2017-01-27,Error: No lyrics found
0.225,0.0486,3,-25.253,1,0.0609,0.873,0.0292,0.096,0.0695,98.763,audio_features,spotify:track:1fWeZQfdmAoi3HWpHcn4tM,https://api.spotify.com/v1/tracks/1fWeZQfdmAoi3HWpHcn4tM,https://api.spotify.com/v1/audio-analysis/1fWeZQfdmAoi3HWpHcn4tM,232680,5,"Souvenir d'un lieu cher, Op. 42: 3. Mélodie",Pyotr Ilyich Tchaikovsky,Tchaikovsky: Violin Concerto,1fWeZQfdmAoi3HWpHcn4tM,spotify:artist:3MKCzCnpzw3TjUYs2v7vDA,"['classical', 'late romantic era', 'russian romanticism']",[''],52.0,2008-01-01,Error: No lyrics found
0.0659,0.0102,4,-34.463,0,0.0461,0.866,0.941,0.0899,0.0376,69.004,audio_features,spotify:track:4cfwFc5ptXuzQMT9fSdnOl,https://api.spotify.com/v1/tracks/4cfwFc5ptXuzQMT9fSdnOl,https://api.spotify.com/v1/audio-analysis/4cfwFc5ptXuzQMT9fSdnOl,162133,4,Two Dialogues with Postscript: III. Morning Serenade - Edit,Valentin Silvestrov,Silvestrov: Two Dialogues with Postscript: III. Morning Serenade (Edit),4cfwFc5ptXuzQMT9fSdnOl,spotify:artist:1bauOA5U5M3RwH2euX3Eq6,"['ukrainian classical', 'ukrainian classical piano']",[''],51.0,2020-10-09,Error: No lyrics found
0.35,0.118,4,-21.192,0,0.0415,0.968,0.0607,0.118,0.255,124.135,audio_features,spotify:track:4DsbdOinvRPoD2ax4DhxMU,https://api.spotify.com/v1/tracks/4DsbdOinvRPoD2ax4DhxMU,https://api.spotify.com/v1/audio-analysis/4DsbdOinvRPoD2ax4DhxMU,337587,3,"Sonata for Piano and Violin in E Minor, K. 304: II. Tempo di minuetto",Wolfgang Amadeus Mozart,"Mozart: Violin Sonatas K.301, 304, 376 & 526",4DsbdOinvRPoD2ax4DhxMU,spotify:artist:4NJhFmfw43RLBLjQvxDuRS,"['classical', 'classical era']",[''],58.0,2005-01-01,Error: No lyrics found
0.349,0.191,0,-16.111,0,0.0463,0.992,0.936,0.132,0.0414,140.422,audio_features,spotify:track:1jcQ040aWKeiUGJ2IcnFtV,https://api.spotify.com/v1/tracks/1jcQ040aWKeiUGJ2IcnFtV,https://api.spotify.com/v1/audio-analysis/1jcQ040aWKeiUGJ2IcnFtV,191000,3,Sunset Bird,Yiruma,Sunset Bird,1jcQ040aWKeiUGJ2IcnFtV,spotify:artist:0fauHpmSHwodVYIjTqOGHz,"['korean instrumental', 'neo-classical', 'new age piano']",[''],64.0,2020-05-08,Error: No lyrics found
0.411,0.0155,5,-28.791,0,0.0406,0.995,0.88,0.0813,0.0379,97.841,audio_features,spotify:track:0d71p8tQDxLgdTkEHcxQyl,https://api.spotify.com/v1/tracks/0d71p8tQDxLgdTkEHcxQyl,https://api.spotify.com/v1/audio-analysis/0d71p8tQDxLgdTkEHcxQyl,198493,3,"Après un rêve, Op. 7, No. 1 (Arr. Piano)",Alan Feinberg,The American Virtuoso,0d71p8tQDxLgdTkEHcxQyl,spotify:artist:7cTvdUU1BZYBATq6QdfZO6,"['american classical piano', 'classical piano']",[''],57.0,1992-11-01,Error: No lyrics found
0.221,0.126,0,-25.367,1,0.0447,0.989,0.897,0.0769,0.216,133.564,audio_features,spotify:track:4i8ly7ffzWu8nfKLI8SZFj,https://api.spotify.com/v1/tracks/4i8ly7ffzWu8nfKLI8SZFj,https://api.spotify.com/v1/audio-analysis/4i8ly7ffzWu8nfKLI8SZFj,139307,4,"The Well-Tempered Clavier: Book 1, BWV 846-869: I. Prelude in C Major, BWV 846",Johann Sebastian Bach,"J.S. Bach: The Well-Tempered Clavier: Book 1, BWV 846-869: 1. Prelude in C Major, BWV 846",4i8ly7ffzWu8nfKLI8SZFj,spotify:artist:5aIqB5nVVvmFsvSdExz408,"['baroque', 'classical', 'early music', 'german baroque']",[''],53.0,2019-03-15,Error: No lyrics found
0.279,0.0172,4,-27.441,1,0.035,0.994,0.885,0.077,0.0608,75.631,audio_features,spotify:track:3z3nJD2LEW3yFMaEjjGerZ,https://api.spotify.com/v1/tracks/3z3nJD2LEW3yFMaEjjGerZ,https://api.spotify.com/v1/audio-analysis/3z3nJD2LEW3yFMaEjjGerZ,236600,3,Debussy: Deux Arabesques - No. 1 Andante con moto,Various Artists,Classics for Creativity,3z3nJD2LEW3yFMaEjjGerZ,spotify:artist:0LyfQWJT6nXafLPZqxe9Of,[],[''],48.0,2018-10-19,Error: No lyrics found
0.457,0.0252,3,-35.116,1,0.0621,0.996,0.875,0.0975,0.168,74.137,audio_features,spotify:track:5zIJsFst05gsrUdr9ghEpG,https://api.spotify.com/v1/tracks/5zIJsFst05gsrUdr9ghEpG,https://api.spotify.com/v1/audio-analysis/5zIJsFst05gsrUdr9ghEpG,138840,4,"Gottes Zeit ist die allerbeste Zeit, Sonatina az ""Actus tragicus""-ból, BWV 106",György Kurtág,"Kurtág, Bach: Játékok",5zIJsFst05gsrUdr9ghEpG,spotify:artist:1ygboTdafDwlY7TUYEj37E,"['avant-garde', 'contemporary classical', 'hungarian contemporary classical']",[''],55.0,1997-08-11,Error: No lyrics found
0.371,0.131,7,-23.899,0,0.0422,0.898,0.925,0.0847,0.0656,106.872,audio_features,spotify:track:4PRnYCH5hoxypKVcOBvx3a,https://api.spotify.com/v1/tracks/4PRnYCH5hoxypKVcOBvx3a,https://api.spotify.com/v1/audio-analysis/4PRnYCH5hoxypKVcOBvx3a,442693,4,"Danse Macabre, Op. 40, R.171",Orchestre Symphonique de Montréal,Danse Macabre,4PRnYCH5hoxypKVcOBvx3a,spotify:artist:4AcXapei4U7xnWecv9AEBd,"['classical performance', 'orchestra']",[''],56.0,2016-10-14,Error: No lyrics found
0.205,0.0821,3,-24.012,1,0.0482,0.958,0.933,0.0996,0.0593,68.853,audio_features,spotify:track:29T3H5d9TgTlYcKiuNxdRT,https://api.spotify.com/v1/tracks/29T3H5d9TgTlYcKiuNxdRT,https://api.spotify.com/v1/audio-analysis/29T3H5d9TgTlYcKiuNxdRT,201074,3,Stay,Chad Lawson,You Finally Knew,29T3H5d9TgTlYcKiuNxdRT,spotify:artist:72uoxerTvAd7x3cbfYmNc8,"['compositional ambient', 'neo-classical', 'new age piano']",[''],58.0,2020-09-11,Error: No lyrics found
0.354,0.0125,4,-27.577,0,0.0443,0.995,0.959,0.0782,0.0691,98.211,audio_features,spotify:track:6q5co1XdRmnMeWlL1RWXPK,https://api.spotify.com/v1/tracks/6q5co1XdRmnMeWlL1RWXPK,https://api.spotify.com/v1/audio-analysis/6q5co1XdRmnMeWlL1RWXPK,220560,4,Gnossienne No. 1 (Arr. Kleynjans),Kaori Muraji,Lumieres,6q5co1XdRmnMeWlL1RWXPK,spotify:artist:1NBiTq7dgcI4yWrz5evt9P,"['classical guitar', 'japanese classical performance', 'japanese guitar']",[''],52.0,2005-01-01,Error: No lyrics found
0.583,0.0238,0,-32.244,0,0.0369,0.994,0.847,0.103,0.426,108.74,audio_features,spotify:track:5RqKo9P4DLA0bVyY70cWkr,https://api.spotify.com/v1/tracks/5RqKo9P4DLA0bVyY70cWkr,https://api.spotify.com/v1/audio-analysis/5RqKo9P4DLA0bVyY70cWkr,131923,4,saman,Ólafur Arnalds,re:member,5RqKo9P4DLA0bVyY70cWkr,spotify:artist:7E3BRXV9ZbCt5lQTCXMTia,"['bow pop', 'compositional ambient', 'icelandic classical', 'neo-classical', 'neoclassical darkwave']",[''],69.0,2018-08-24,Error: No lyrics found
0.296,0.00896,7,-31.948,0,0.0394,0.994,0.91,0.0815,0.0673,69.44,audio_features,spotify:track:43bSKCMWHIuBsUVmQcDX1J,https://api.spotify.com/v1/tracks/43bSKCMWHIuBsUVmQcDX1J,https://api.spotify.com/v1/audio-analysis/43bSKCMWHIuBsUVmQcDX1J,257000,3,"Rêverie, L. 68: Rêverie",Claude Debussy,Debussy Piano Edition,43bSKCMWHIuBsUVmQcDX1J,spotify:artist:1Uff91EOsvd99rtAupatMP,"['classical', 'impressionism', 'post-romantic era']",[''],66.0,2012-01-01,Error: No lyrics found
0.329,0.0232,2,-24.632,0,0.0372,0.993,0.922,0.0965,0.112,111.377,audio_features,spotify:track:65a1ng2xAbaRbYWsq9H2MH,https://api.spotify.com/v1/tracks/65a1ng2xAbaRbYWsq9H2MH,https://api.spotify.com/v1/audio-analysis/65a1ng2xAbaRbYWsq9H2MH,209693,4,Lionheart,Stephan Moccio,Lionheart,65a1ng2xAbaRbYWsq9H2MH,spotify:artist:25s9H1JQmTu3iuFzpXWUIg,['background piano'],[''],67.0,2021-10-15,Error: No lyrics found
0.233,0.00786,7,-31.624,1,0.0528,0.958,0.905,0.106,0.0686,132.011,audio_features,spotify:track:171fKTIvL8wDal3N6Uv0Bk,https://api.spotify.com/v1/tracks/171fKTIvL8wDal3N6Uv0Bk,https://api.spotify.com/v1/audio-analysis/171fKTIvL8wDal3N6Uv0Bk,262000,3,A Collective Destiny,Luke Howard,A Collective Destiny,171fKTIvL8wDal3N6Uv0Bk,spotify:artist:3duTXsC49HoPt4f4EySDKf,"['australian ambient', 'compositional ambient', 'neo-classical']",[''],53.0,2021-11-12,Error: No lyrics found
0.461,0.0104,6,-31.073,1,0.0655,0.995,0.908,0.0895,0.106,71.494,audio_features,spotify:track:1D5LT3ZUtwpXFpiv18M0R2,https://api.spotify.com/v1/tracks/1D5LT3ZUtwpXFpiv18M0R2,https://api.spotify.com/v1/audio-analysis/1D5LT3ZUtwpXFpiv18M0R2,172107,5,"Préludes / Book 1, L. 117: No. 8, The Girl with the Flaxen Hair",Claude Debussy,"Debussy: Préludes / Book 1, L. 117: No. 8, The Girl with the Flaxen Hair",1D5LT3ZUtwpXFpiv18M0R2,spotify:artist:1Uff91EOsvd99rtAupatMP,"['classical', 'impressionism', 'post-romantic era']",[''],50.0,2022-02-11,Error: No lyrics found
0.235,0.0561,2,-23.311,1,0.0442,0.95,0.29,0.119,0.0518,107.619,audio_features,spotify:track:6aANvQTjMgtOlCAaHlYcyn,https://api.spotify.com/v1/tracks/6aANvQTjMgtOlCAaHlYcyn,https://api.spotify.com/v1/audio-analysis/6aANvQTjMgtOlCAaHlYcyn,271560,4,"Schwanengesang, D. 957: IV. Ständchen in D Minor (Arr. for Violin and Piano)",Franz Schubert,Schubert: Forellenquintett - Trout Quintet,6aANvQTjMgtOlCAaHlYcyn,spotify:artist:2p0UyoPfYfI76PCStuXfOP,"['classical', 'classical era', 'early romantic era']",[''],52.0,2017-11-03,Error: No lyrics found
0.155,0.0522,1,-25.087,1,0.0413,0.993,0.894,0.105,0.0585,70.473,audio_features,spotify:track:0Y9BzZGT2FuLVPrHoq1g2G,https://api.spotify.com/v1/tracks/0Y9BzZGT2FuLVPrHoq1g2G,https://api.spotify.com/v1/audio-analysis/0Y9BzZGT2FuLVPrHoq1g2G,336093,3,"Fantaisie-Impromptu In C-Sharp Minor, Op. 66",Frédéric Chopin,"Chopin: Fantaisie-Impromptu In C Sharp Minor, Op. 66",0Y9BzZGT2FuLVPrHoq1g2G,spotify:artist:7y97mc3bZRFXzT2szRM4L4,"['classical', 'early romantic era', 'polish classical']",[''],57.0,2017-08-25,Error: No lyrics found
0.205,0.0525,1,-23.841,1,0.0327,0.98,0.906,0.103,0.0511,88.316,audio_features,spotify:track:419qlOGNXoyICx4jO0hqaj,https://api.spotify.com/v1/tracks/419qlOGNXoyICx4jO0hqaj,https://api.spotify.com/v1/audio-analysis/419qlOGNXoyICx4jO0hqaj,174653,4,"Rhapsody on a Theme of Paganini, Op. 43: Variation No. 18 Andante cantabile",Sergei Rachmaninoff,Rachmaninov Variations,419qlOGNXoyICx4jO0hqaj,spotify:artist:0Kekt6CKSo0m5mivKcoH51,"['classical', 'post-romantic era', 'russian romanticism', 'ukrainian classical']",[''],59.0,2015-08-28,Error: No lyrics found
0.332,0.0525,0,-24.1,1,0.0388,0.991,0.891,0.0683,0.097,78.853,audio_features,spotify:track:2k2MprlqkmDMKKOOWGREzW,https://api.spotify.com/v1/tracks/2k2MprlqkmDMKKOOWGREzW,https://api.spotify.com/v1/audio-analysis/2k2MprlqkmDMKKOOWGREzW,158600,3,"Dawn - From ""Pride & Prejudice"" Soundtrack",Dario Marianelli,Pride and Prejudice - OST,2k2MprlqkmDMKKOOWGREzW,spotify:artist:0s1ec6aPpRZ4DCj15w1EFg,"['compositional ambient', 'orchestral soundtrack', 'soundtrack']",[''],67.0,2005-09-19,Error: No lyrics found
0.476,0.000707,11,-36.606,0,0.164,0.864,0.299,0.104,0.27,68.311,audio_features,spotify:track:2Lio4KTzsA8BPLhXmyo4CQ,https://api.spotify.com/v1/tracks/2Lio4KTzsA8BPLhXmyo4CQ,https://api.spotify.com/v1/audio-analysis/2Lio4KTzsA8BPLhXmyo4CQ,647973,4,Für Alina,Arvo Pärt,Arvo Pärt: Alina,2Lio4KTzsA8BPLhXmyo4CQ,spotify:artist:2P6ygesd9xg5DPOBnda2jg,"['baltic classical', 'classical', 'contemporary classical', 'minimalism']","['[Alexander Malter, piano]']",55.0,1999-10-15,[alexander malter piano]
0.219,0.0153,9,-33.563,0,0.0346,0.994,0.923,0.0934,0.1,57.439,audio_features,spotify:track:7BpDcPsVqfMgHdVglLK3Kt,https://api.spotify.com/v1/tracks/7BpDcPsVqfMgHdVglLK3Kt,https://api.spotify.com/v1/audio-analysis/7BpDcPsVqfMgHdVglLK3Kt,312757,4,Nocturnal,Joep Beving,Nocturnal,7BpDcPsVqfMgHdVglLK3Kt,spotify:artist:2VKfXEWzhUi9siHBDTI02Y,"['compositional ambient', 'neo-classical']",[''],69.0,2022-01-28,Error: No lyrics found
0.487,0.00409,11,-38.66,1,0.0612,0.985,0.894,0.0965,0.16,115.369,audio_features,spotify:track:3iWo5Y9DpJNdFI3lERYgEy,https://api.spotify.com/v1/tracks/3iWo5Y9DpJNdFI3lERYgEy,https://api.spotify.com/v1/audio-analysis/3iWo5Y9DpJNdFI3lERYgEy,242811,4,"Ave verum corpus, K. 618 (Transcr. Liszt for Solo Piano)",Víkingur Ólafsson,Mozart & Contemporaries,3iWo5Y9DpJNdFI3lERYgEy,spotify:artist:0iqgjl0OG3z53PZVIB7ZyD,"['classical piano', 'nordic classical piano']",[''],50.0,2021-09-03,Error: No lyrics found
0.258,0.0238,0,-28.865,0,0.0428,0.994,0.904,0.106,0.0757,140.596,audio_features,spotify:track:4XPq8MBYuWi4Z5PzmebwYo,https://api.spotify.com/v1/tracks/4XPq8MBYuWi4Z5PzmebwYo,https://api.spotify.com/v1/audio-analysis/4XPq8MBYuWi4Z5PzmebwYo,182647,3,Open,Luke Howard,Open,4XPq8MBYuWi4Z5PzmebwYo,spotify:artist:3duTXsC49HoPt4f4EySDKf,"['australian ambient', 'compositional ambient', 'neo-classical']",[''],60.0,2018-11-02,Error: No lyrics found
0.398,0.0252,9,-26.613,0,0.0624,0.992,0.914,0.108,0.117,74.696,audio_features,spotify:track:7yNdc5jF4CAe2TzFadHPKK,https://api.spotify.com/v1/tracks/7yNdc5jF4CAe2TzFadHPKK,https://api.spotify.com/v1/audio-analysis/7yNdc5jF4CAe2TzFadHPKK,291319,4,Sakamoto: Opus,Gina Alice,Wonderworld,7yNdc5jF4CAe2TzFadHPKK,spotify:artist:2h8Yy5xhlNbJsekoeiPhbb,[],[''],48.0,2021-11-05,Error: No lyrics found
0.522,0.0308,5,-26.86,1,0.0641,0.995,0.915,0.0805,0.313,72.551,audio_features,spotify:track:0ftAOThcYwpSDapJhDOy7o,https://api.spotify.com/v1/tracks/0ftAOThcYwpSDapJhDOy7o,https://api.spotify.com/v1/audio-analysis/0ftAOThcYwpSDapJhDOy7o,284000,4,"Piano Sonata No. 12 in F Major, K. 332: II. Adagio",Wolfgang Amadeus Mozart,"Mozart: Piano Sonatas K.309, K.332 & K.570",0ftAOThcYwpSDapJhDOy7o,spotify:artist:4NJhFmfw43RLBLjQvxDuRS,"['classical', 'classical era']",[''],59.0,1991-01-01,Error: No lyrics found
0.392,0.501,2,-12.513,1,0.146,0.682,0.909,0.442,0.113,152.481,audio_features,spotify:track:6Olyr6tQ7DKWPJro6nn35C,https://api.spotify.com/v1/tracks/6Olyr6tQ7DKWPJro6nn35C,https://api.spotify.com/v1/audio-analysis/6Olyr6tQ7DKWPJro6nn35C,246760,3,Short Ride in a Fast Machine,John Adams,The John Adams Album,6Olyr6tQ7DKWPJro6nn35C,spotify:artist:35OhI7DSls022v9Bz9r0VZ,"['american contemporary classical', 'avant-garde', 'classical', 'compositional ambient', 'contemporary classical', 'minimalism', 'post-minimalism']",[''],49.0,2019-09-13,Error: No lyrics found
0.393,0.0429,9,-25.727,0,0.0341,0.992,0.925,0.0821,0.0394,135.405,audio_features,spotify:track:5BRfucuiAf5IYRbwBYBYPZ,https://api.spotify.com/v1/tracks/5BRfucuiAf5IYRbwBYBYPZ,https://api.spotify.com/v1/audio-analysis/5BRfucuiAf5IYRbwBYBYPZ,288280,4,Ab Ovo,Joep Beving,Prehension,5BRfucuiAf5IYRbwBYBYPZ,spotify:artist:2VKfXEWzhUi9siHBDTI02Y,"['compositional ambient', 'neo-classical']",[''],61.0,2017-04-07,Error: No lyrics found
0.206,0.0645,4,-25.162,1,0.0396,0.985,0.894,0.138,0.0398,79.757,audio_features,spotify:track:3hgRiVuiBWVbpd4kBQD68m,https://api.spotify.com/v1/tracks/3hgRiVuiBWVbpd4kBQD68m,https://api.spotify.com/v1/audio-analysis/3hgRiVuiBWVbpd4kBQD68m,205560,4,"Nacht und Träume, Op. 43 No. 2, D. 827",Franz Schubert,"Schubert: Nacht und Träume, Op. 43 No. 2, D. 827",3hgRiVuiBWVbpd4kBQD68m,spotify:artist:2p0UyoPfYfI76PCStuXfOP,"['classical', 'classical era', 'early romantic era']",[''],54.0,2021-05-21,Error: No lyrics found
0.282,0.0714,2,-26.705,1,0.0532,0.957,0.288,0.113,0.108,90.298,audio_features,spotify:track:4aGi0uWDjzW8asTmAlBJrg,https://api.spotify.com/v1/tracks/4aGi0uWDjzW8asTmAlBJrg,https://api.spotify.com/v1/audio-analysis/4aGi0uWDjzW8asTmAlBJrg,173000,5,"Salut d'amour, Op. 12 (Arr. Viola & Piano)",Nobuko Imai,Viola Bouquet,4aGi0uWDjzW8asTmAlBJrg,spotify:artist:0Qxzv9GHPIPMCVesNuMRgA,"['japanese classical performance', 'viola']",[''],36.0,1995-01-15,Error: No lyrics found
